bioproject_accession,bioproject_title,project_type,sample_accession,organism,experiment_accession,platform,run_accession,spots,bases
PRJNA257197,Zaire ebolavirus Genome sequencing,Other,SRS803895,Zaire ebolavirus,SRX824278,ILLUMINA,SRR1735115,,
PRJNA257197,Zaire ebolavirus Genome sequencing,Other,SRS908649,Zaire ebolavirus,SRX994023,ILLUMINA,SRR1972746,,
PRJNA257197,Zaire ebolavirus Genome sequencing,Other,SRS908666,Zaire ebolavirus,SRX994006,ILLUMINA,SRR1972729,,
PRJNA257197,Zaire ebolavirus Genome sequencing,Other,SRS908651,Zaire ebolavirus,SRX994022,ILLUMINA,SRR1972745,,
PRJNA257197,Zaire ebolavirus Genome sequencing,Other,SRS908511,Zaire ebolavirus,SRX994202,ILLUMINA,SRR1972925,,
PRJNA257197,Zaire ebolavirus Genome sequencing,Other,SRS803941,Zaire ebolavirus,SRX994248,ILLUMINA,SRR1972971,,
PRJNA257197,Zaire ebolavirus Genome sequencing,Other,SRS803941,Zaire ebolavirus,SRX824323,ILLUMINA,SRR1735160,,
PRJNA257197,Zaire ebolavirus Genome sequencing,Other,SRS804011,Zaire ebolavirus,SRX824394,ILLUMINA,SRR1735231,,
PRJNA257197,Zaire ebolavirus Genome sequencing,Other,SRS803993,Zaire ebolavirus,SRX824374,ILLUMINA,SRR1735211,,
PRJNA257197,Zaire ebolavirus Genome sequencing,Other,SRS804021,Zaire ebolavirus,SRX994118,ILLUMINA,SRR1972841,,
PRJNA257197,Zaire ebolavirus Genome sequencing,Other,SRS804021,Zaire ebolavirus,SRX824404,ILLUMINA,SRR1735241,,
PRJNA257197,Zaire ebolavirus Genome sequencing,Other,SRS803820,Zaire ebolavirus,SRX994246,ILLUMINA,SRR1972969,,
PRJNA257197,Zaire ebolavirus Genome sequencing,Other,SRS803820,Zaire ebolavirus,SRX824203,ILLUMINA,SRR1735040,,
PRJNA257197,Zaire ebolavirus Genome sequencing,Other,SRS677916,Zaire ebolavirus,SRX674168,ILLUMINA,SRR1553505,,
PRJNA257197,Zaire ebolavirus Genome sequencing,Other,SRS677916,Zaire ebolavirus,SRX674167,ILLUMINA,SRR1553506,,
PRJNA257197,Zaire ebolavirus Genome sequencing,Other,SRS803990,Zaire ebolavirus,SRX824373,ILLUMINA,SRR1735210,,
PRJNA257197,Zaire ebolavirus Genome sequencing,Other,SRS804008,Zaire ebolavirus,SRX824391,ILLUMINA,SRR1735228,,
PRJNA257197,Zaire ebolavirus Genome sequencing,Other,SRS677931,Zaire ebolavirus,SRX674198,ILLUMINA,SRR1553535,,
PRJNA257197,Zaire ebolavirus Genome sequencing,Other,SRS677931,Zaire ebolavirus,SRX674197,ILLUMINA,SRR1553536,,
PRJNA257197,Zaire ebolavirus Genome sequencing,Other,SRS804030,Zaire ebolavirus,SRX824412,ILLUMINA,SRR1735249,,
PRJNA257197,Zaire ebolavirus Genome sequencing,Other,SRS908663,Zaire ebolavirus,SRX994008,ILLUMINA,SRR1972731,,
PRJNA257197,Zaire ebolavirus Genome sequencing,Other,SRS908589,Zaire ebolavirus,SRX994078,ILLUMINA,SRR1972801,,
PRJNA257197,Zaire ebolavirus Genome sequencing,Other,SRS908688,Zaire ebolavirus,SRX993984,ILLUMINA,SRR1972707,,
PRJNA257197,Zaire ebolavirus Genome sequencing,Other,SRS803929,Zaire ebolavirus,SRX824312,ILLUMINA,SRR1735149,,
PRJNA257197,Zaire ebolavirus Genome sequencing,Other,SRS908705,Zaire ebolavirus,SRX993967,ILLUMINA,SRR1972690,,
PRJNA257197,Zaire ebolavirus Genome sequencing,Other,SRS677932,Zaire ebolavirus,SRX674200,ILLUMINA,SRR1553537,,
PRJNA257197,Zaire ebolavirus Genome sequencing,Other,SRS677932,Zaire ebolavirus,SRX674199,ILLUMINA,SRR1553538,,
PRJNA257197,Zaire ebolavirus Genome sequencing,Other,SRS908597,Zaire ebolavirus,SRX994071,ILLUMINA,SRR1972794,,
PRJNA257197,Zaire ebolavirus Genome sequencing,Other,SRS694092,Unidentified virus,SRX691923,ILLUMINA,SRR1564810,,
PRJNA257197,Zaire ebolavirus Genome sequencing,Other,SRS694119,Unidentified virus,SRX691950,ILLUMINA,SRR1564837,,
PRJNA257197,Zaire ebolavirus Genome sequencing,Other,SRS803809,Zaire ebolavirus,SRX824191,ILLUMINA,SRR1735028,,
PRJNA257197,Zaire ebolavirus Genome sequencing,Other,SRS803868,Zaire ebolavirus,SRX824251,ILLUMINA,SRR1735088,,
PRJNA257197,Zaire ebolavirus Genome sequencing,Other,SRS908571,Zaire ebolavirus,SRX994131,ILLUMINA,SRR1972854,,
PRJNA257197,Zaire ebolavirus Genome sequencing,Other,SRS908598,Zaire ebolavirus,SRX994068,ILLUMINA,SRR1972791,,
PRJNA257197,Zaire ebolavirus Genome sequencing,Other,SRS908657,Zaire ebolavirus,SRX994015,ILLUMINA,SRR1972738,,
PRJNA257197,Zaire ebolavirus Genome sequencing,Other,SRS803860,Zaire ebolavirus,SRX824245,ILLUMINA,SRR1735082,,
PRJNA257197,Zaire ebolavirus Genome sequencing,Other,SRS677878,Zaire ebolavirus,SRX674092,ILLUMINA,SRR1553429,,
PRJNA257197,Zaire ebolavirus Genome sequencing,Other,SRS677878,Zaire ebolavirus,SRX674091,ILLUMINA,SRR1553430,,
PRJNA257197,Zaire ebolavirus Genome sequencing,Other,SRS908567,Zaire ebolavirus,SRX994142,ILLUMINA,SRR1972865,,
PRJNA257197,Zaire ebolavirus Genome sequencing,Other,SRS908545,Zaire ebolavirus,SRX994166,ILLUMINA,SRR1972889,,
PRJNA257197,Zaire ebolavirus Genome sequencing,Other,SRS803900,Zaire ebolavirus,SRX824283,ILLUMINA,SRR1735120,,
PRJNA257197,Zaire ebolavirus Genome sequencing,Other,SRS908530,Zaire ebolavirus,SRX994183,ILLUMINA,SRR1972906,,
PRJNA257197,Zaire ebolavirus Genome sequencing,Other,SRS803912,Zaire ebolavirus,SRX824295,ILLUMINA,SRR1735132,,
PRJNA257197,Zaire ebolavirus Genome sequencing,Other,SRS908561,Zaire ebolavirus,SRX994148,ILLUMINA,SRR1972871,,
PRJNA257197,Zaire ebolavirus Genome sequencing,Other,SRS908771,Zaire ebolavirus,SRX993898,ILLUMINA,SRR1972621,,
PRJNA257197,Zaire ebolavirus Genome sequencing,Other,SRS908580,Zaire ebolavirus,SRX994116,ILLUMINA,SRR1972839,,
PRJNA257197,Zaire ebolavirus Genome sequencing,Other,SRS908508,Zaire ebolavirus,SRX994205,ILLUMINA,SRR1972928,,
PRJNA257197,Zaire ebolavirus Genome sequencing,Other,SRS908765,Zaire ebolavirus,SRX993905,ILLUMINA,SRR1972628,,
PRJNA257197,Zaire ebolavirus Genome sequencing,Other,SRS694098,Unidentified virus,SRX691929,ILLUMINA,SRR1564816,,
PRJNA257197,Zaire ebolavirus Genome sequencing,Other,SRS908775,Zaire ebolavirus,SRX993891,ILLUMINA,SRR1972614,,
PRJNA257197,Zaire ebolavirus Genome sequencing,Other,SRS908498,Zaire ebolavirus,SRX994215,ILLUMINA,SRR1972938,,
PRJNA257197,Zaire ebolavirus Genome sequencing,Other,SRS908781,Zaire ebolavirus,SRX993883,ILLUMINA,SRR1972606,,
PRJNA257197,Zaire ebolavirus Genome sequencing,Other,SRS803927,Zaire ebolavirus,SRX994141,ILLUMINA,SRR1972864,,
PRJNA257197,Zaire ebolavirus Genome sequencing,Other,SRS803927,Zaire ebolavirus,SRX824309,ILLUMINA,SRR1735146,,
PRJNA257197,Zaire ebolavirus Genome sequencing,Other,SRS908694,Zaire ebolavirus,SRX993978,ILLUMINA,SRR1972701,,
PRJNA257197,Zaire ebolavirus Genome sequencing,Other,SRS908729,Zaire ebolavirus,SRX993943,ILLUMINA,SRR1972666,,
PRJNA257197,Zaire ebolavirus Genome sequencing,Other,SRS803833,Zaire ebolavirus,SRX994140,ILLUMINA,SRR1972863,,
PRJNA257197,Zaire ebolavirus Genome sequencing,Other,SRS803833,Zaire ebolavirus,SRX824216,ILLUMINA,SRR1735053,,
PRJNA257197,Zaire ebolavirus Genome sequencing,Other,SRS908538,Zaire ebolavirus,SRX994174,ILLUMINA,SRR1972897,,
PRJNA257197,Zaire ebolavirus Genome sequencing,Other,SRS908752,Zaire ebolavirus,SRX993919,ILLUMINA,SRR1972642,,
PRJNA257197,Zaire ebolavirus Genome sequencing,Other,SRS804018,Zaire ebolavirus,SRX824401,ILLUMINA,SRR1735238,,
PRJNA257197,Zaire ebolavirus Genome sequencing,Other,SRS694112,Unidentified virus,SRX691943,ILLUMINA,SRR1564830,,
PRJNA257197,Zaire ebolavirus Genome sequencing,Other,SRS803926,Zaire ebolavirus,SRX824310,ILLUMINA,SRR1735147,,
PRJNA257197,Zaire ebolavirus Genome sequencing,Other,SRS803920,Zaire ebolavirus,SRX993903,ILLUMINA,SRR1972626,,
PRJNA257197,Zaire ebolavirus Genome sequencing,Other,SRS803920,Zaire ebolavirus,SRX824303,ILLUMINA,SRR1735140,,
PRJNA257197,Zaire ebolavirus Genome sequencing,Other,SRS908757,Zaire ebolavirus,SRX993913,ILLUMINA,SRR1972636,,
PRJNA257197,Zaire ebolavirus Genome sequencing,Other,SRS803775,Zaire ebolavirus,SRX824158,ILLUMINA,SRR1734995,,
PRJNA257197,Zaire ebolavirus Genome sequencing,Other,SRS908746,Zaire ebolavirus,SRX993927,ILLUMINA,SRR1972650,,
PRJNA257197,Zaire ebolavirus Genome sequencing,Other,SRS804019,Zaire ebolavirus,SRX994173,ILLUMINA,SRR1972896,,
PRJNA257197,Zaire ebolavirus Genome sequencing,Other,SRS804019,Zaire ebolavirus,SRX824402,ILLUMINA,SRR1735239,,
PRJNA257197,Zaire ebolavirus Genome sequencing,Other,SRS803803,Zaire ebolavirus,SRX994232,ILLUMINA,SRR1972955,,
PRJNA257197,Zaire ebolavirus Genome sequencing,Other,SRS803803,Zaire ebolavirus,SRX824186,ILLUMINA,SRR1735023,,
PRJNA257197,Zaire ebolavirus Genome sequencing,Other,SRS908737,Zaire ebolavirus,SRX993935,ILLUMINA,SRR1972658,,
PRJNA257197,Zaire ebolavirus Genome sequencing,Other,SRS803817,Zaire ebolavirus,SRX824200,ILLUMINA,SRR1735037,,
PRJNA257197,Zaire ebolavirus Genome sequencing,Other,SRS804026,Zaire ebolavirus,SRX824410,ILLUMINA,SRR1735247,,
PRJNA257197,Zaire ebolavirus Genome sequencing,Other,SRS722187,Zaire ebolavirus,SRX733663,ILLUMINA,SRR1613384,,
PRJNA257197,Zaire ebolavirus Genome sequencing,Other,SRS722187,Zaire ebolavirus,SRX733659,ILLUMINA,SRR1613380,,
PRJNA257197,Zaire ebolavirus Genome sequencing,Other,SRS908579,Zaire ebolavirus,SRX994117,ILLUMINA,SRR1972840,,
PRJNA257197,Zaire ebolavirus Genome sequencing,Other,SRS803876,Zaire ebolavirus,SRX824259,ILLUMINA,SRR1735096,,
PRJNA257197,Zaire ebolavirus Genome sequencing,Other,SRS804033,Zaire ebolavirus,SRX824418,ILLUMINA,SRR1735255,,
PRJNA257197,Zaire ebolavirus Genome sequencing,Other,SRS677920,Zaire ebolavirus,SRX674176,ILLUMINA,SRR1553513,,
PRJNA257197,Zaire ebolavirus Genome sequencing,Other,SRS677920,Zaire ebolavirus,SRX674175,ILLUMINA,SRR1553514,,
PRJNA257197,Zaire ebolavirus Genome sequencing,Other,SRS677946,Zaire ebolavirus,SRX674228,ILLUMINA,SRR1553565,,
PRJNA257197,Zaire ebolavirus Genome sequencing,Other,SRS677946,Zaire ebolavirus,SRX674227,ILLUMINA,SRR1553566,,
PRJNA257197,Zaire ebolavirus Genome sequencing,Other,SRS908505,Zaire ebolavirus,SRX994208,ILLUMINA,SRR1972931,,
PRJNA257197,Zaire ebolavirus Genome sequencing,Other,SRS908759,Zaire ebolavirus,SRX993911,ILLUMINA,SRR1972634,,
PRJNA257197,Zaire ebolavirus Genome sequencing,Other,SRS908739,Zaire ebolavirus,SRX993933,ILLUMINA,SRR1972656,,
PRJNA257197,Zaire ebolavirus Genome sequencing,Other,SRS677873,Zaire ebolavirus,SRX674082,ILLUMINA,SRR1553420,,
PRJNA257197,Zaire ebolavirus Genome sequencing,Other,SRS803791,Zaire ebolavirus,SRX824174,ILLUMINA,SRR1735011,,
PRJNA257197,Zaire ebolavirus Genome sequencing,Other,SRS803871,Zaire ebolavirus,SRX994099,ILLUMINA,SRR1972822,,
PRJNA257197,Zaire ebolavirus Genome sequencing,Other,SRS803871,Zaire ebolavirus,SRX824253,ILLUMINA,SRR1735090,,
PRJNA257197,Zaire ebolavirus Genome sequencing,Other,SRS677912,Zaire ebolavirus,SRX674160,ILLUMINA,SRR1553497,,
PRJNA257197,Zaire ebolavirus Genome sequencing,Other,SRS677912,Zaire ebolavirus,SRX674159,ILLUMINA,SRR1553498,,
PRJNA257197,Zaire ebolavirus Genome sequencing,Other,SRS804028,Zaire ebolavirus,SRX824411,ILLUMINA,SRR1735248,,
PRJNA257197,Zaire ebolavirus Genome sequencing,Other,SRS803816,Zaire ebolavirus,SRX994093,ILLUMINA,SRR1972816,,
PRJNA257197,Zaire ebolavirus Genome sequencing,Other,SRS803816,Zaire ebolavirus,SRX824199,ILLUMINA,SRR1735036,,
PRJNA257197,Zaire ebolavirus Genome sequencing,Other,SRS803978,Zaire ebolavirus,SRX994234,ILLUMINA,SRR1972957,,
PRJNA257197,Zaire ebolavirus Genome sequencing,Other,SRS803978,Zaire ebolavirus,SRX824361,ILLUMINA,SRR1735198,,
PRJNA257197,Zaire ebolavirus Genome sequencing,Other,SRS908518,Zaire ebolavirus,SRX994195,ILLUMINA,SRR1972918,,
PRJNA257197,Zaire ebolavirus Genome sequencing,Other,SRS694094,Unidentified virus,SRX691925,ILLUMINA,SRR1564812,,
PRJNA257197,Zaire ebolavirus Genome sequencing,Other,SRS908528,Zaire ebolavirus,SRX994185,ILLUMINA,SRR1972908,,
PRJNA257197,Zaire ebolavirus Genome sequencing,Other,SRS908755,Zaire ebolavirus,SRX993916,ILLUMINA,SRR1972639,,
PRJNA257197,Zaire ebolavirus Genome sequencing,Other,SRS803840,Zaire ebolavirus,SRX994220,ILLUMINA,SRR1972943,,
PRJNA257197,Zaire ebolavirus Genome sequencing,Other,SRS803840,Zaire ebolavirus,SRX824222,ILLUMINA,SRR1735059,,
PRJNA257197,Zaire ebolavirus Genome sequencing,Other,SRS908750,Zaire ebolavirus,SRX993922,ILLUMINA,SRR1972645,,
PRJNA257197,Zaire ebolavirus Genome sequencing,Other,SRS908566,Zaire ebolavirus,SRX994143,ILLUMINA,SRR1972866,,
PRJNA257197,Zaire ebolavirus Genome sequencing,Other,SRS908502,Zaire ebolavirus,SRX994211,ILLUMINA,SRR1972934,,
PRJNA257197,Zaire ebolavirus Genome sequencing,Other,SRS803863,Zaire ebolavirus,SRX824246,ILLUMINA,SRR1735083,,
PRJNA257197,Zaire ebolavirus Genome sequencing,Other,SRS908749,Zaire ebolavirus,SRX993923,ILLUMINA,SRR1972646,,
PRJNA257197,Zaire ebolavirus Genome sequencing,Other,SRS804006,Zaire ebolavirus,SRX824390,ILLUMINA,SRR1735227,,
PRJNA257197,Zaire ebolavirus Genome sequencing,Other,SRS803886,Zaire ebolavirus,SRX994178,ILLUMINA,SRR1972901,,
PRJNA257197,Zaire ebolavirus Genome sequencing,Other,SRS803886,Zaire ebolavirus,SRX824270,ILLUMINA,SRR1735107,,
PRJNA257197,Zaire ebolavirus Genome sequencing,Other,SRS804032,Zaire ebolavirus,SRX824415,ILLUMINA,SRR1735252,,
PRJNA257197,Zaire ebolavirus Genome sequencing,Other,SRS803950,Zaire ebolavirus,SRX994082,ILLUMINA,SRR1972805,,
PRJNA257197,Zaire ebolavirus Genome sequencing,Other,SRS803950,Zaire ebolavirus,SRX824333,ILLUMINA,SRR1735170,,
PRJNA257197,Zaire ebolavirus Genome sequencing,Other,SRS908500,Zaire ebolavirus,SRX994213,ILLUMINA,SRR1972936,,
PRJNA257197,Zaire ebolavirus Genome sequencing,Other,SRS803910,Zaire ebolavirus,SRX824293,ILLUMINA,SRR1735130,,
PRJNA257197,Zaire ebolavirus Genome sequencing,Other,SRS908662,Zaire ebolavirus,SRX994010,ILLUMINA,SRR1972733,,
PRJNA257197,Zaire ebolavirus Genome sequencing,Other,SRS908587,Zaire ebolavirus,SRX994091,ILLUMINA,SRR1972814,,
PRJNA257197,Zaire ebolavirus Genome sequencing,Other,SRS677911,Zaire ebolavirus,SRX674158,ILLUMINA,SRR1553495,,
PRJNA257197,Zaire ebolavirus Genome sequencing,Other,SRS677911,Zaire ebolavirus,SRX674157,ILLUMINA,SRR1553496,,
PRJNA257197,Zaire ebolavirus Genome sequencing,Other,SRS677885,Zaire ebolavirus,SRX674106,ILLUMINA,SRR1553443,,
PRJNA257197,Zaire ebolavirus Genome sequencing,Other,SRS677885,Zaire ebolavirus,SRX674105,ILLUMINA,SRR1553444,,
PRJNA257197,Zaire ebolavirus Genome sequencing,Other,SRS803851,Zaire ebolavirus,SRX994177,ILLUMINA,SRR1972900,,
PRJNA257197,Zaire ebolavirus Genome sequencing,Other,SRS803851,Zaire ebolavirus,SRX824234,ILLUMINA,SRR1735071,,
PRJNA257197,Zaire ebolavirus Genome sequencing,Other,SRS908670,Zaire ebolavirus,SRX994002,ILLUMINA,SRR1972725,,
PRJNA257197,Zaire ebolavirus Genome sequencing,Other,SRS908635,Zaire ebolavirus,SRX994037,ILLUMINA,SRR1972760,,
PRJNA257197,Zaire ebolavirus Genome sequencing,Other,SRS677884,Zaire ebolavirus,SRX674104,ILLUMINA,SRR1553441,,
PRJNA257197,Zaire ebolavirus Genome sequencing,Other,SRS677884,Zaire ebolavirus,SRX674103,ILLUMINA,SRR1553442,,
PRJNA257197,Zaire ebolavirus Genome sequencing,Other,SRS803848,Zaire ebolavirus,SRX824231,ILLUMINA,SRR1735068,,
PRJNA257197,Zaire ebolavirus Genome sequencing,Other,SRS908486,Zaire ebolavirus,SRX994230,ILLUMINA,SRR1972953,,
PRJNA257197,Zaire ebolavirus Genome sequencing,Other,SRS908743,Zaire ebolavirus,SRX993929,ILLUMINA,SRR1972652,,
PRJNA257197,Zaire ebolavirus Genome sequencing,Other,SRS677951,Zaire ebolavirus,SRX674238,ILLUMINA,SRR1553575,,
PRJNA257197,Zaire ebolavirus Genome sequencing,Other,SRS677951,Zaire ebolavirus,SRX674237,ILLUMINA,SRR1553576,,
PRJNA257197,Zaire ebolavirus Genome sequencing,Other,SRS803874,Zaire ebolavirus,SRX824258,ILLUMINA,SRR1735095,,
PRJNA257197,Zaire ebolavirus Genome sequencing,Other,SRS908564,Zaire ebolavirus,SRX994146,ILLUMINA,SRR1972869,,
PRJNA257197,Zaire ebolavirus Genome sequencing,Other,SRS908509,Zaire ebolavirus,SRX994204,ILLUMINA,SRR1972927,,
PRJNA257197,Zaire ebolavirus Genome sequencing,Other,SRS908668,Zaire ebolavirus,SRX994004,ILLUMINA,SRR1972727,,
PRJNA257197,Zaire ebolavirus Genome sequencing,Other,SRS908614,Zaire ebolavirus,SRX994052,ILLUMINA,SRR1972775,,
PRJNA257197,Zaire ebolavirus Genome sequencing,Other,SRS908532,Zaire ebolavirus,SRX994181,ILLUMINA,SRR1972904,,
PRJNA257197,Zaire ebolavirus Genome sequencing,Other,SRS803905,Zaire ebolavirus,SRX824287,ILLUMINA,SRR1735124,,
PRJNA257197,Zaire ebolavirus Genome sequencing,Other,SRS803850,Zaire ebolavirus,SRX824232,ILLUMINA,SRR1735069,,
PRJNA257197,Zaire ebolavirus Genome sequencing,Other,SRS803907,Zaire ebolavirus,SRX994163,ILLUMINA,SRR1972886,,
PRJNA257197,Zaire ebolavirus Genome sequencing,Other,SRS803907,Zaire ebolavirus,SRX824290,ILLUMINA,SRR1735127,,
PRJNA257197,Zaire ebolavirus Genome sequencing,Other,SRS803948,Zaire ebolavirus,SRX824331,ILLUMINA,SRR1735168,,
PRJNA257197,Zaire ebolavirus Genome sequencing,Other,SRS677945,Zaire ebolavirus,SRX674226,ILLUMINA,SRR1553563,,
PRJNA257197,Zaire ebolavirus Genome sequencing,Other,SRS677945,Zaire ebolavirus,SRX674225,ILLUMINA,SRR1553564,,
PRJNA257197,Zaire ebolavirus Genome sequencing,Other,SRS908735,Zaire ebolavirus,SRX993937,ILLUMINA,SRR1972660,,
PRJNA257197,Zaire ebolavirus Genome sequencing,Other,SRS803992,Zaire ebolavirus,SRX994240,ILLUMINA,SRR1972963,,
PRJNA257197,Zaire ebolavirus Genome sequencing,Other,SRS803992,Zaire ebolavirus,SRX824376,ILLUMINA,SRR1735213,,
PRJNA257197,Zaire ebolavirus Genome sequencing,Other,SRS908512,Zaire ebolavirus,SRX994201,ILLUMINA,SRR1972924,,
PRJNA257197,Zaire ebolavirus Genome sequencing,Other,SRS803980,Zaire ebolavirus,SRX824362,ILLUMINA,SRR1735199,,
PRJNA257197,Zaire ebolavirus Genome sequencing,Other,SRS804043,Zaire ebolavirus,SRX993920,ILLUMINA,SRR1972643,,
PRJNA257197,Zaire ebolavirus Genome sequencing,Other,SRS804043,Zaire ebolavirus,SRX824426,ILLUMINA,SRR1735263,,
PRJNA257197,Zaire ebolavirus Genome sequencing,Other,SRS908592,Zaire ebolavirus,SRX994075,ILLUMINA,SRR1972798,,
PRJNA257197,Zaire ebolavirus Genome sequencing,Other,SRS908496,Zaire ebolavirus,SRX994217,ILLUMINA,SRR1972940,,
PRJNA257197,Zaire ebolavirus Genome sequencing,Other,SRS677930,Zaire ebolavirus,SRX674196,ILLUMINA,SRR1553533,,
PRJNA257197,Zaire ebolavirus Genome sequencing,Other,SRS677930,Zaire ebolavirus,SRX674195,ILLUMINA,SRR1553534,,
PRJNA257197,Zaire ebolavirus Genome sequencing,Other,SRS804034,Zaire ebolavirus,SRX824416,ILLUMINA,SRR1735253,,
PRJNA257197,Zaire ebolavirus Genome sequencing,Other,SRS908772,Zaire ebolavirus,SRX993896,ILLUMINA,SRR1972619,,
PRJNA257197,Zaire ebolavirus Genome sequencing,Other,SRS677956,Zaire ebolavirus,SRX674248,ILLUMINA,SRR1553585,,
PRJNA257197,Zaire ebolavirus Genome sequencing,Other,SRS677956,Zaire ebolavirus,SRX674247,ILLUMINA,SRR1553586,,
PRJNA257197,Zaire ebolavirus Genome sequencing,Other,SRS803889,Zaire ebolavirus,SRX824272,ILLUMINA,SRR1735109,,
PRJNA257197,Zaire ebolavirus Genome sequencing,Other,SRS803988,Zaire ebolavirus,SRX994112,ILLUMINA,SRR1972835,,
PRJNA257197,Zaire ebolavirus Genome sequencing,Other,SRS803988,Zaire ebolavirus,SRX824371,ILLUMINA,SRR1735208,,
PRJNA257197,Zaire ebolavirus Genome sequencing,Other,SRS803792,Zaire ebolavirus,SRX993894,ILLUMINA,SRR1972617,,
PRJNA257197,Zaire ebolavirus Genome sequencing,Other,SRS803792,Zaire ebolavirus,SRX824175,ILLUMINA,SRR1735012,,
PRJNA257197,Zaire ebolavirus Genome sequencing,Other,SRS908507,Zaire ebolavirus,SRX994206,ILLUMINA,SRR1972929,,
PRJNA257197,Zaire ebolavirus Genome sequencing,Other,SRS908768,Zaire ebolavirus,SRX993900,ILLUMINA,SRR1972623,,
PRJNA257197,Zaire ebolavirus Genome sequencing,Other,SRS908572,Zaire ebolavirus,SRX994130,ILLUMINA,SRR1972853,,
PRJNA257197,Zaire ebolavirus Genome sequencing,Other,SRS804023,Zaire ebolavirus,SRX824405,ILLUMINA,SRR1735242,,
PRJNA257197,Zaire ebolavirus Genome sequencing,Other,SRS677940,Zaire ebolavirus,SRX674216,ILLUMINA,SRR1553553,,
PRJNA257197,Zaire ebolavirus Genome sequencing,Other,SRS677940,Zaire ebolavirus,SRX674215,ILLUMINA,SRR1553554,,
PRJNA257197,Zaire ebolavirus Genome sequencing,Other,SRS694091,Unidentified virus,SRX691922,ILLUMINA,SRR1564809,,
PRJNA257197,Zaire ebolavirus Genome sequencing,Other,SRS908617,Zaire ebolavirus,SRX994050,ILLUMINA,SRR1972773,,
PRJNA257197,Zaire ebolavirus Genome sequencing,Other,SRS803953,Zaire ebolavirus,SRX824336,ILLUMINA,SRR1735173,,
PRJNA257197,Zaire ebolavirus Genome sequencing,Other,SRS803830,Zaire ebolavirus,SRX824214,ILLUMINA,SRR1735051,,
PRJNA257197,Zaire ebolavirus Genome sequencing,Other,SRS908584,Zaire ebolavirus,SRX994106,ILLUMINA,SRR1972829,,
PRJNA257197,Zaire ebolavirus Genome sequencing,Other,SRS803903,Zaire ebolavirus,SRX824286,ILLUMINA,SRR1735123,,
PRJNA257197,Zaire ebolavirus Genome sequencing,Other,SRS908527,Zaire ebolavirus,SRX994186,ILLUMINA,SRR1972909,,
PRJNA257197,Zaire ebolavirus Genome sequencing,Other,SRS694115,Unidentified virus,SRX691946,ILLUMINA,SRR1564833,,
PRJNA257197,Zaire ebolavirus Genome sequencing,Other,SRS803785,Zaire ebolavirus,SRX824168,ILLUMINA,SRR1735005,,
PRJNA257197,Zaire ebolavirus Genome sequencing,Other,SRS908741,Zaire ebolavirus,SRX993931,ILLUMINA,SRR1972654,,
PRJNA257197,Zaire ebolavirus Genome sequencing,Other,SRS908570,Zaire ebolavirus,SRX994132,ILLUMINA,SRR1972855,,
PRJNA257197,Zaire ebolavirus Genome sequencing,Other,SRS803913,Zaire ebolavirus,SRX824296,ILLUMINA,SRR1735133,,
PRJNA257197,Zaire ebolavirus Genome sequencing,Other,SRS908623,Zaire ebolavirus,SRX994045,ILLUMINA,SRR1972768,,
PRJNA257197,Zaire ebolavirus Genome sequencing,Other,SRS908484,Zaire ebolavirus,SRX994251,ILLUMINA,SRR1972974,,
PRJNA257197,Zaire ebolavirus Genome sequencing,Other,SRS803796,Zaire ebolavirus,SRX824179,ILLUMINA,SRR1735016,,
PRJNA257197,Zaire ebolavirus Genome sequencing,Other,SRS803931,Zaire ebolavirus,SRX824314,ILLUMINA,SRR1735151,,
PRJNA257197,Zaire ebolavirus Genome sequencing,Other,SRS677909,Zaire ebolavirus,SRX674154,ILLUMINA,SRR1553491,,
PRJNA257197,Zaire ebolavirus Genome sequencing,Other,SRS677909,Zaire ebolavirus,SRX674153,ILLUMINA,SRR1553492,,
PRJNA257197,Zaire ebolavirus Genome sequencing,Other,SRS908546,Zaire ebolavirus,SRX994164,ILLUMINA,SRR1972887,,
PRJNA257197,Zaire ebolavirus Genome sequencing,Other,SRS908485,Zaire ebolavirus,SRX994236,ILLUMINA,SRR1972959,,
PRJNA257197,Zaire ebolavirus Genome sequencing,Other,SRS694101,Unidentified virus,SRX691932,ILLUMINA,SRR1564819,,
PRJNA257197,Zaire ebolavirus Genome sequencing,Other,SRS803888,Zaire ebolavirus,SRX824273,ILLUMINA,SRR1735110,,
PRJNA257197,Zaire ebolavirus Genome sequencing,Other,SRS803783,Zaire ebolavirus,SRX994088,ILLUMINA,SRR1972811,,
PRJNA257197,Zaire ebolavirus Genome sequencing,Other,SRS803783,Zaire ebolavirus,SRX824166,ILLUMINA,SRR1735003,,
PRJNA257197,Zaire ebolavirus Genome sequencing,Other,SRS803858,Zaire ebolavirus,SRX994244,ILLUMINA,SRR1972967,,
PRJNA257197,Zaire ebolavirus Genome sequencing,Other,SRS803858,Zaire ebolavirus,SRX824242,ILLUMINA,SRR1735079,,
PRJNA257197,Zaire ebolavirus Genome sequencing,Other,SRS803906,Zaire ebolavirus,SRX824288,ILLUMINA,SRR1735125,,
PRJNA257197,Zaire ebolavirus Genome sequencing,Other,SRS908676,Zaire ebolavirus,SRX993995,ILLUMINA,SRR1972718,,
PRJNA257197,Zaire ebolavirus Genome sequencing,Other,SRS908615,Zaire ebolavirus,SRX994053,ILLUMINA,SRR1972776,,
PRJNA257197,Zaire ebolavirus Genome sequencing,Other,SRS677947,Zaire ebolavirus,SRX674230,ILLUMINA,SRR1553567,,
PRJNA257197,Zaire ebolavirus Genome sequencing,Other,SRS677947,Zaire ebolavirus,SRX674229,ILLUMINA,SRR1553568,,
PRJNA257197,Zaire ebolavirus Genome sequencing,Other,SRS908778,Zaire ebolavirus,SRX993885,ILLUMINA,SRR1972608,,
PRJNA257197,Zaire ebolavirus Genome sequencing,Other,SRS908699,Zaire ebolavirus,SRX993973,ILLUMINA,SRR1972696,,
PRJNA257197,Zaire ebolavirus Genome sequencing,Other,SRS803849,Zaire ebolavirus,SRX994121,ILLUMINA,SRR1972844,,
PRJNA257197,Zaire ebolavirus Genome sequencing,Other,SRS803849,Zaire ebolavirus,SRX824233,ILLUMINA,SRR1735070,,
PRJNA257197,Zaire ebolavirus Genome sequencing,Other,SRS908706,Zaire ebolavirus,SRX993965,ILLUMINA,SRR1972688,,
PRJNA257197,Zaire ebolavirus Genome sequencing,Other,SRS803780,Zaire ebolavirus,SRX824163,ILLUMINA,SRR1735000,,
PRJNA257197,Zaire ebolavirus Genome sequencing,Other,SRS908549,Zaire ebolavirus,SRX994160,ILLUMINA,SRR1972883,,
PRJNA257197,Zaire ebolavirus Genome sequencing,Other,SRS803943,Zaire ebolavirus,SRX824325,ILLUMINA,SRR1735162,,
PRJNA257197,Zaire ebolavirus Genome sequencing,Other,SRS804016,Zaire ebolavirus,SRX993892,ILLUMINA,SRR1972615,,
PRJNA257197,Zaire ebolavirus Genome sequencing,Other,SRS804016,Zaire ebolavirus,SRX824399,ILLUMINA,SRR1735236,,
PRJNA257197,Zaire ebolavirus Genome sequencing,Other,SRS908693,Zaire ebolavirus,SRX993980,ILLUMINA,SRR1972703,,
PRJNA257197,Zaire ebolavirus Genome sequencing,Other,SRS677901,Zaire ebolavirus,SRX674138,ILLUMINA,SRR1553475,,
PRJNA257197,Zaire ebolavirus Genome sequencing,Other,SRS677901,Zaire ebolavirus,SRX674137,ILLUMINA,SRR1553476,,
PRJNA257197,Zaire ebolavirus Genome sequencing,Other,SRS694087,Unidentified virus,SRX691918,ILLUMINA,SRR1564805,,
PRJNA257197,Zaire ebolavirus Genome sequencing,Other,SRS803831,Zaire ebolavirus,SRX993886,ILLUMINA,SRR1972609,,
PRJNA257197,Zaire ebolavirus Genome sequencing,Other,SRS803831,Zaire ebolavirus,SRX824213,ILLUMINA,SRR1735050,,
PRJNA257197,Zaire ebolavirus Genome sequencing,Other,SRS908695,Zaire ebolavirus,SRX993977,ILLUMINA,SRR1972700,,
PRJNA257197,Zaire ebolavirus Genome sequencing,Other,SRS908533,Zaire ebolavirus,SRX994180,ILLUMINA,SRR1972903,,
PRJNA257197,Zaire ebolavirus Genome sequencing,Other,SRS908744,Zaire ebolavirus,SRX993928,ILLUMINA,SRR1972651,,
PRJNA257197,Zaire ebolavirus Genome sequencing,Other,SRS677948,Zaire ebolavirus,SRX674232,ILLUMINA,SRR1553569,,
PRJNA257197,Zaire ebolavirus Genome sequencing,Other,SRS677948,Zaire ebolavirus,SRX674231,ILLUMINA,SRR1553570,,
PRJNA257197,Zaire ebolavirus Genome sequencing,Other,SRS722185,Zaire ebolavirus,SRX733661,ILLUMINA,SRR1613382,,
PRJNA257197,Zaire ebolavirus Genome sequencing,Other,SRS722185,Zaire ebolavirus,SRX733657,ILLUMINA,SRR1613378,,
PRJNA257197,Zaire ebolavirus Genome sequencing,Other,SRS677928,Zaire ebolavirus,SRX674192,ILLUMINA,SRR1553529,,
PRJNA257197,Zaire ebolavirus Genome sequencing,Other,SRS677928,Zaire ebolavirus,SRX674191,ILLUMINA,SRR1553530,,
PRJNA257197,Zaire ebolavirus Genome sequencing,Other,SRS803983,Zaire ebolavirus,SRX824366,ILLUMINA,SRR1735203,,
PRJNA257197,Zaire ebolavirus Genome sequencing,Other,SRS722184,Zaire ebolavirus,SRX733660,ILLUMINA,SRR1613381,,
PRJNA257197,Zaire ebolavirus Genome sequencing,Other,SRS722184,Zaire ebolavirus,SRX733656,ILLUMINA,SRR1613377,,
PRJNA257197,Zaire ebolavirus Genome sequencing,Other,SRS908577,Zaire ebolavirus,SRX994125,ILLUMINA,SRR1972848,,
PRJNA257197,Zaire ebolavirus Genome sequencing,Other,SRS908554,Zaire ebolavirus,SRX994154,ILLUMINA,SRR1972877,,
PRJNA257197,Zaire ebolavirus Genome sequencing,Other,SRS677964,Zaire ebolavirus,SRX674264,ILLUMINA,SRR1553601,,
PRJNA257197,Zaire ebolavirus Genome sequencing,Other,SRS677964,Zaire ebolavirus,SRX674263,ILLUMINA,SRR1553602,,
PRJNA257197,Zaire ebolavirus Genome sequencing,Other,SRS677908,Zaire ebolavirus,SRX674152,ILLUMINA,SRR1553489,,
PRJNA257197,Zaire ebolavirus Genome sequencing,Other,SRS677908,Zaire ebolavirus,SRX674151,ILLUMINA,SRR1553490,,
PRJNA257197,Zaire ebolavirus Genome sequencing,Other,SRS908613,Zaire ebolavirus,SRX994054,ILLUMINA,SRR1972777,,
PRJNA257197,Zaire ebolavirus Genome sequencing,Other,SRS803870,Zaire ebolavirus,SRX824254,ILLUMINA,SRR1735091,,
PRJNA257197,Zaire ebolavirus Genome sequencing,Other,SRS908692,Zaire ebolavirus,SRX993979,ILLUMINA,SRR1972702,,
PRJNA257197,Zaire ebolavirus Genome sequencing,Other,SRS908642,Zaire ebolavirus,SRX994031,ILLUMINA,SRR1972754,,
PRJNA257197,Zaire ebolavirus Genome sequencing,Other,SRS803843,Zaire ebolavirus,SRX994111,ILLUMINA,SRR1972834,,
PRJNA257197,Zaire ebolavirus Genome sequencing,Other,SRS803843,Zaire ebolavirus,SRX824227,ILLUMINA,SRR1735064,,
PRJNA257197,Zaire ebolavirus Genome sequencing,Other,SRS803883,Zaire ebolavirus,SRX824267,ILLUMINA,SRR1735104,,
PRJNA257197,Zaire ebolavirus Genome sequencing,Other,SRS803923,Zaire ebolavirus,SRX994103,ILLUMINA,SRR1972826,,
PRJNA257197,Zaire ebolavirus Genome sequencing,Other,SRS803923,Zaire ebolavirus,SRX824306,ILLUMINA,SRR1735143,,
PRJNA257197,Zaire ebolavirus Genome sequencing,Other,SRS677898,Zaire ebolavirus,SRX674132,ILLUMINA,SRR1553469,,
PRJNA257197,Zaire ebolavirus Genome sequencing,Other,SRS677898,Zaire ebolavirus,SRX674131,ILLUMINA,SRR1553470,,
PRJNA257197,Zaire ebolavirus Genome sequencing,Other,SRS908690,Zaire ebolavirus,SRX993982,ILLUMINA,SRR1972705,,
PRJNA257197,Zaire ebolavirus Genome sequencing,Other,SRS908602,Zaire ebolavirus,SRX994064,ILLUMINA,SRR1972787,,
PRJNA257197,Zaire ebolavirus Genome sequencing,Other,SRS694090,Unidentified virus,SRX691921,ILLUMINA,SRR1564808,,
PRJNA257197,Zaire ebolavirus Genome sequencing,Other,SRS908604,Zaire ebolavirus,SRX994063,ILLUMINA,SRR1972786,,
PRJNA257197,Zaire ebolavirus Genome sequencing,Other,SRS908553,Zaire ebolavirus,SRX994155,ILLUMINA,SRR1972878,,
PRJNA257197,Zaire ebolavirus Genome sequencing,Other,SRS908624,Zaire ebolavirus,SRX994043,ILLUMINA,SRR1972766,,
PRJNA257197,Zaire ebolavirus Genome sequencing,Other,SRS908519,Zaire ebolavirus,SRX994194,ILLUMINA,SRR1972917,,
PRJNA257197,Zaire ebolavirus Genome sequencing,Other,SRS908547,Zaire ebolavirus,SRX994162,ILLUMINA,SRR1972885,,
PRJNA257197,Zaire ebolavirus Genome sequencing,Other,SRS803932,Zaire ebolavirus,SRX994119,ILLUMINA,SRR1972842,,
PRJNA257197,Zaire ebolavirus Genome sequencing,Other,SRS803932,Zaire ebolavirus,SRX824315,ILLUMINA,SRR1735152,,
PRJNA257197,Zaire ebolavirus Genome sequencing,Other,SRS677888,Zaire ebolavirus,SRX674112,ILLUMINA,SRR1553449,,
PRJNA257197,Zaire ebolavirus Genome sequencing,Other,SRS677888,Zaire ebolavirus,SRX674111,ILLUMINA,SRR1553450,,
PRJNA257197,Zaire ebolavirus Genome sequencing,Other,SRS908616,Zaire ebolavirus,SRX994051,ILLUMINA,SRR1972774,,
PRJNA257197,Zaire ebolavirus Genome sequencing,Other,SRS803951,Zaire ebolavirus,SRX994114,ILLUMINA,SRR1972837,,
PRJNA257197,Zaire ebolavirus Genome sequencing,Other,SRS803951,Zaire ebolavirus,SRX824334,ILLUMINA,SRR1735171,,
PRJNA257197,Zaire ebolavirus Genome sequencing,Other,SRS908691,Zaire ebolavirus,SRX993981,ILLUMINA,SRR1972704,,
PRJNA257197,Zaire ebolavirus Genome sequencing,Other,SRS803976,Zaire ebolavirus,SRX824359,ILLUMINA,SRR1735196,,
PRJNA257197,Zaire ebolavirus Genome sequencing,Other,SRS908674,Zaire ebolavirus,SRX993998,ILLUMINA,SRR1972721,,
PRJNA257197,Zaire ebolavirus Genome sequencing,Other,SRS803901,Zaire ebolavirus,SRX824285,ILLUMINA,SRR1735122,,
PRJNA257197,Zaire ebolavirus Genome sequencing,Other,SRS908707,Zaire ebolavirus,SRX993966,ILLUMINA,SRR1972689,,
PRJNA257197,Zaire ebolavirus Genome sequencing,Other,SRS803855,Zaire ebolavirus,SRX824239,ILLUMINA,SRR1735076,,
PRJNA257197,Zaire ebolavirus Genome sequencing,Other,SRS804031,Zaire ebolavirus,SRX993904,ILLUMINA,SRR1972627,,
PRJNA257197,Zaire ebolavirus Genome sequencing,Other,SRS804031,Zaire ebolavirus,SRX824414,ILLUMINA,SRR1735251,,
PRJNA257197,Zaire ebolavirus Genome sequencing,Other,SRS804044,Zaire ebolavirus,SRX824428,ILLUMINA,SRR1735265,,
PRJNA257197,Zaire ebolavirus Genome sequencing,Other,SRS908683,Zaire ebolavirus,SRX993990,ILLUMINA,SRR1972713,,
PRJNA257197,Zaire ebolavirus Genome sequencing,Other,SRS908594,Zaire ebolavirus,SRX994073,ILLUMINA,SRR1972796,,
PRJNA257197,Zaire ebolavirus Genome sequencing,Other,SRS908525,Zaire ebolavirus,SRX994188,ILLUMINA,SRR1972911,,
PRJNA257197,Zaire ebolavirus Genome sequencing,Other,SRS677900,Zaire ebolavirus,SRX674136,ILLUMINA,SRR1553473,,
PRJNA257197,Zaire ebolavirus Genome sequencing,Other,SRS677900,Zaire ebolavirus,SRX674135,ILLUMINA,SRR1553474,,
PRJNA257197,Zaire ebolavirus Genome sequencing,Other,SRS908640,Zaire ebolavirus,SRX994032,ILLUMINA,SRR1972755,,
PRJNA257197,Zaire ebolavirus Genome sequencing,Other,SRS804004,Zaire ebolavirus,SRX824387,ILLUMINA,SRR1735224,,
PRJNA257197,Zaire ebolavirus Genome sequencing,Other,SRS908656,Zaire ebolavirus,SRX994016,ILLUMINA,SRR1972739,,
PRJNA257197,Zaire ebolavirus Genome sequencing,Other,SRS908780,Zaire ebolavirus,SRX993882,ILLUMINA,SRR1972605,,
PRJNA257197,Zaire ebolavirus Genome sequencing,Other,SRS908524,Zaire ebolavirus,SRX994189,ILLUMINA,SRR1972912,,
PRJNA257197,Zaire ebolavirus Genome sequencing,Other,SRS677969,Zaire ebolavirus,SRX674078,ILLUMINA,SRR1553417,,
PRJNA257197,Zaire ebolavirus Genome sequencing,Other,SRS803776,Zaire ebolavirus,SRX824159,ILLUMINA,SRR1734996,,
PRJNA257197,Zaire ebolavirus Genome sequencing,Other,SRS803836,Zaire ebolavirus,SRX824219,ILLUMINA,SRR1735056,,
PRJNA257197,Zaire ebolavirus Genome sequencing,Other,SRS803954,Zaire ebolavirus,SRX824337,ILLUMINA,SRR1735174,,
PRJNA257197,Zaire ebolavirus Genome sequencing,Other,SRS803777,Zaire ebolavirus,SRX824160,ILLUMINA,SRR1734997,,
PRJNA257197,Zaire ebolavirus Genome sequencing,Other,SRS908689,Zaire ebolavirus,SRX993983,ILLUMINA,SRR1972706,,
PRJNA257197,Zaire ebolavirus Genome sequencing,Other,SRS803810,Zaire ebolavirus,SRX824193,ILLUMINA,SRR1735030,,
PRJNA257197,Zaire ebolavirus Genome sequencing,Other,SRS677926,Zaire ebolavirus,SRX674188,ILLUMINA,SRR1553525,,
PRJNA257197,Zaire ebolavirus Genome sequencing,Other,SRS677926,Zaire ebolavirus,SRX674187,ILLUMINA,SRR1553526,,
PRJNA257197,Zaire ebolavirus Genome sequencing,Other,SRS677894,Zaire ebolavirus,SRX674124,ILLUMINA,SRR1553461,,
PRJNA257197,Zaire ebolavirus Genome sequencing,Other,SRS677894,Zaire ebolavirus,SRX674123,ILLUMINA,SRR1553462,,
PRJNA257197,Zaire ebolavirus Genome sequencing,Other,SRS803821,Zaire ebolavirus,SRX824205,ILLUMINA,SRR1735042,,
PRJNA257197,Zaire ebolavirus Genome sequencing,Other,SRS803837,Zaire ebolavirus,SRX824220,ILLUMINA,SRR1735057,,
PRJNA257197,Zaire ebolavirus Genome sequencing,Other,SRS908599,Zaire ebolavirus,SRX994069,ILLUMINA,SRR1972792,,
PRJNA257197,Zaire ebolavirus Genome sequencing,Other,SRS908745,Zaire ebolavirus,SRX993926,ILLUMINA,SRR1972649,,
PRJNA257197,Zaire ebolavirus Genome sequencing,Other,SRS803789,Zaire ebolavirus,SRX824172,ILLUMINA,SRR1735009,,
PRJNA257197,Zaire ebolavirus Genome sequencing,Other,SRS908731,Zaire ebolavirus,SRX993942,ILLUMINA,SRR1972665,,
PRJNA257197,Zaire ebolavirus Genome sequencing,Other,SRS908578,Zaire ebolavirus,SRX994124,ILLUMINA,SRR1972847,,
PRJNA257197,Zaire ebolavirus Genome sequencing,Other,SRS677871,Zaire ebolavirus,SRX674079,ILLUMINA,SRR1553416,,
PRJNA257197,Zaire ebolavirus Genome sequencing,Other,SRS677952,Zaire ebolavirus,SRX674240,ILLUMINA,SRR1553577,,
PRJNA257197,Zaire ebolavirus Genome sequencing,Other,SRS677952,Zaire ebolavirus,SRX674239,ILLUMINA,SRR1553578,,
PRJNA257197,Zaire ebolavirus Genome sequencing,Other,SRS908499,Zaire ebolavirus,SRX994214,ILLUMINA,SRR1972937,,
PRJNA257197,Zaire ebolavirus Genome sequencing,Other,SRS677929,Zaire ebolavirus,SRX674194,ILLUMINA,SRR1553531,,
PRJNA257197,Zaire ebolavirus Genome sequencing,Other,SRS677929,Zaire ebolavirus,SRX674193,ILLUMINA,SRR1553532,,
PRJNA257197,Zaire ebolavirus Genome sequencing,Other,SRS908776,Zaire ebolavirus,SRX993888,ILLUMINA,SRR1972611,,
PRJNA257197,Zaire ebolavirus Genome sequencing,Other,SRS908654,Zaire ebolavirus,SRX994019,ILLUMINA,SRR1972742,,
PRJNA257197,Zaire ebolavirus Genome sequencing,Other,SRS908637,Zaire ebolavirus,SRX994035,ILLUMINA,SRR1972758,,
PRJNA257197,Zaire ebolavirus Genome sequencing,Other,SRS803914,Zaire ebolavirus,SRX824298,ILLUMINA,SRR1735135,,
PRJNA257197,Zaire ebolavirus Genome sequencing,Other,SRS908621,Zaire ebolavirus,SRX994046,ILLUMINA,SRR1972769,,
PRJNA257197,Zaire ebolavirus Genome sequencing,Other,SRS694099,Unidentified virus,SRX691930,ILLUMINA,SRR1564817,,
PRJNA257197,Zaire ebolavirus Genome sequencing,Other,SRS803845,Zaire ebolavirus,SRX824228,ILLUMINA,SRR1735065,,
PRJNA257197,Zaire ebolavirus Genome sequencing,Other,SRS803991,Zaire ebolavirus,SRX824375,ILLUMINA,SRR1735212,,
PRJNA257197,Zaire ebolavirus Genome sequencing,Other,SRS908588,Zaire ebolavirus,SRX994090,ILLUMINA,SRR1972813,,
PRJNA257197,Zaire ebolavirus Genome sequencing,Other,SRS677917,Zaire ebolavirus,SRX674170,ILLUMINA,SRR1553507,,
PRJNA257197,Zaire ebolavirus Genome sequencing,Other,SRS677917,Zaire ebolavirus,SRX674169,ILLUMINA,SRR1553508,,
PRJNA257197,Zaire ebolavirus Genome sequencing,Other,SRS908643,Zaire ebolavirus,SRX994029,ILLUMINA,SRR1972752,,
PRJNA257197,Zaire ebolavirus Genome sequencing,Other,SRS908586,Zaire ebolavirus,SRX994092,ILLUMINA,SRR1972815,,
PRJNA257197,Zaire ebolavirus Genome sequencing,Other,SRS803899,Zaire ebolavirus,SRX824281,ILLUMINA,SRR1735118,,
PRJNA257197,Zaire ebolavirus Genome sequencing,Other,SRS677933,Zaire ebolavirus,SRX674202,ILLUMINA,SRR1553539,,
PRJNA257197,Zaire ebolavirus Genome sequencing,Other,SRS677933,Zaire ebolavirus,SRX674201,ILLUMINA,SRR1553540,,
PRJNA257197,Zaire ebolavirus Genome sequencing,Other,SRS908702,Zaire ebolavirus,SRX993970,ILLUMINA,SRR1972693,,
PRJNA257197,Zaire ebolavirus Genome sequencing,Other,SRS908638,Zaire ebolavirus,SRX994034,ILLUMINA,SRR1972757,,
PRJNA257197,Zaire ebolavirus Genome sequencing,Other,SRS677913,Zaire ebolavirus,SRX674162,ILLUMINA,SRR1553499,,
PRJNA257197,Zaire ebolavirus Genome sequencing,Other,SRS677913,Zaire ebolavirus,SRX674161,ILLUMINA,SRR1553500,,
PRJNA257197,Zaire ebolavirus Genome sequencing,Other,SRS908523,Zaire ebolavirus,SRX994190,ILLUMINA,SRR1972913,,
PRJNA257197,Zaire ebolavirus Genome sequencing,Other,SRS803784,Zaire ebolavirus,SRX994085,ILLUMINA,SRR1972808,,
PRJNA257197,Zaire ebolavirus Genome sequencing,Other,SRS803784,Zaire ebolavirus,SRX824167,ILLUMINA,SRR1735004,,
PRJNA257197,Zaire ebolavirus Genome sequencing,Other,SRS803892,Zaire ebolavirus,SRX824275,ILLUMINA,SRR1735112,,
PRJNA257197,Zaire ebolavirus Genome sequencing,Other,SRS803782,Zaire ebolavirus,SRX824165,ILLUMINA,SRR1735002,,
PRJNA257197,Zaire ebolavirus Genome sequencing,Other,SRS677915,Zaire ebolavirus,SRX674166,ILLUMINA,SRR1553503,,
PRJNA257197,Zaire ebolavirus Genome sequencing,Other,SRS677915,Zaire ebolavirus,SRX674165,ILLUMINA,SRR1553504,,
PRJNA257197,Zaire ebolavirus Genome sequencing,Other,SRS908774,Zaire ebolavirus,SRX993893,ILLUMINA,SRR1972616,,
PRJNA257197,Zaire ebolavirus Genome sequencing,Other,SRS803915,Zaire ebolavirus,SRX994249,ILLUMINA,SRR1972972,,
PRJNA257197,Zaire ebolavirus Genome sequencing,Other,SRS803915,Zaire ebolavirus,SRX824297,ILLUMINA,SRR1735134,,
PRJNA257197,Zaire ebolavirus Genome sequencing,Other,SRS677941,Zaire ebolavirus,SRX674218,ILLUMINA,SRR1553555,,
PRJNA257197,Zaire ebolavirus Genome sequencing,Other,SRS677941,Zaire ebolavirus,SRX674217,ILLUMINA,SRR1553556,,
PRJNA257197,Zaire ebolavirus Genome sequencing,Other,SRS803798,Zaire ebolavirus,SRX824181,ILLUMINA,SRR1735018,,
PRJNA257197,Zaire ebolavirus Genome sequencing,Other,SRS803966,Zaire ebolavirus,SRX824349,ILLUMINA,SRR1735186,,
PRJNA257197,Zaire ebolavirus Genome sequencing,Other,SRS803982,Zaire ebolavirus,SRX824365,ILLUMINA,SRR1735202,,
PRJNA257197,Zaire ebolavirus Genome sequencing,Other,SRS908727,Zaire ebolavirus,SRX993945,ILLUMINA,SRR1972668,,
PRJNA257197,Zaire ebolavirus Genome sequencing,Other,SRS694113,Unidentified virus,SRX691944,ILLUMINA,SRR1564831,,
PRJNA257197,Zaire ebolavirus Genome sequencing,Other,SRS908672,Zaire ebolavirus,SRX994000,ILLUMINA,SRR1972723,,
PRJNA257197,Zaire ebolavirus Genome sequencing,Other,SRS908504,Zaire ebolavirus,SRX994209,ILLUMINA,SRR1972932,,
PRJNA257197,Zaire ebolavirus Genome sequencing,Other,SRS908669,Zaire ebolavirus,SRX994003,ILLUMINA,SRR1972726,,
PRJNA257197,Zaire ebolavirus Genome sequencing,Other,SRS803952,Zaire ebolavirus,SRX824335,ILLUMINA,SRR1735172,,
PRJNA257197,Zaire ebolavirus Genome sequencing,Other,SRS908736,Zaire ebolavirus,SRX993936,ILLUMINA,SRR1972659,,
PRJNA257197,Zaire ebolavirus Genome sequencing,Other,SRS677897,Zaire ebolavirus,SRX674130,ILLUMINA,SRR1553467,,
PRJNA257197,Zaire ebolavirus Genome sequencing,Other,SRS677897,Zaire ebolavirus,SRX674129,ILLUMINA,SRR1553468,,
PRJNA257197,Zaire ebolavirus Genome sequencing,Other,SRS908574,Zaire ebolavirus,SRX994129,ILLUMINA,SRR1972852,,
PRJNA257197,Zaire ebolavirus Genome sequencing,Other,SRS694088,Unidentified virus,SRX691919,ILLUMINA,SRR1564806,,
PRJNA257197,Zaire ebolavirus Genome sequencing,Other,SRS908718,Zaire ebolavirus,SRX993954,ILLUMINA,SRR1972677,,
PRJNA257197,Zaire ebolavirus Genome sequencing,Other,SRS908660,Zaire ebolavirus,SRX994012,ILLUMINA,SRR1972735,,
PRJNA257197,Zaire ebolavirus Genome sequencing,Other,SRS803832,Zaire ebolavirus,SRX824215,ILLUMINA,SRR1735052,,
PRJNA257197,Zaire ebolavirus Genome sequencing,Other,SRS908548,Zaire ebolavirus,SRX994161,ILLUMINA,SRR1972884,,
PRJNA257197,Zaire ebolavirus Genome sequencing,Other,SRS803959,Zaire ebolavirus,SRX824340,ILLUMINA,SRR1735177,,
PRJNA257197,Zaire ebolavirus Genome sequencing,Other,SRS804038,Zaire ebolavirus,SRX994084,ILLUMINA,SRR1972807,,
PRJNA257197,Zaire ebolavirus Genome sequencing,Other,SRS804038,Zaire ebolavirus,SRX824421,ILLUMINA,SRR1735258,,
PRJNA257197,Zaire ebolavirus Genome sequencing,Other,SRS803859,Zaire ebolavirus,SRX994100,ILLUMINA,SRR1972823,,
PRJNA257197,Zaire ebolavirus Genome sequencing,Other,SRS803859,Zaire ebolavirus,SRX824240,ILLUMINA,SRR1735077,,
PRJNA257197,Zaire ebolavirus Genome sequencing,Other,SRS803827,Zaire ebolavirus,SRX994235,ILLUMINA,SRR1972958,,
PRJNA257197,Zaire ebolavirus Genome sequencing,Other,SRS803827,Zaire ebolavirus,SRX824210,ILLUMINA,SRR1735047,,
PRJNA257197,Zaire ebolavirus Genome sequencing,Other,SRS677924,Zaire ebolavirus,SRX674184,ILLUMINA,SRR1553521,,
PRJNA257197,Zaire ebolavirus Genome sequencing,Other,SRS677924,Zaire ebolavirus,SRX674183,ILLUMINA,SRR1553522,,
PRJNA257197,Zaire ebolavirus Genome sequencing,Other,SRS908631,Zaire ebolavirus,SRX994042,ILLUMINA,SRR1972765,,
PRJNA257197,Zaire ebolavirus Genome sequencing,Other,SRS804029,Zaire ebolavirus,SRX994123,ILLUMINA,SRR1972846,,
PRJNA257197,Zaire ebolavirus Genome sequencing,Other,SRS804029,Zaire ebolavirus,SRX824413,ILLUMINA,SRR1735250,,
PRJNA257197,Zaire ebolavirus Genome sequencing,Other,SRS908489,Zaire ebolavirus,SRX994227,ILLUMINA,SRR1972950,,
PRJNA257197,Zaire ebolavirus Genome sequencing,Other,SRS804015,Zaire ebolavirus,SRX824398,ILLUMINA,SRR1735235,,
PRJNA257197,Zaire ebolavirus Genome sequencing,Other,SRS908596,Zaire ebolavirus,SRX994070,ILLUMINA,SRR1972793,,
PRJNA257197,Zaire ebolavirus Genome sequencing,Other,SRS803778,Zaire ebolavirus,SRX824161,ILLUMINA,SRR1734998,,
PRJNA257197,Zaire ebolavirus Genome sequencing,Other,SRS804040,Zaire ebolavirus,SRX824423,ILLUMINA,SRR1735260,,
PRJNA257197,Zaire ebolavirus Genome sequencing,Other,SRS908603,Zaire ebolavirus,SRX994065,ILLUMINA,SRR1972788,,
PRJNA257197,Zaire ebolavirus Genome sequencing,Other,SRS803829,Zaire ebolavirus,SRX824212,ILLUMINA,SRR1735049,,
PRJNA257197,Zaire ebolavirus Genome sequencing,Other,SRS803986,Zaire ebolavirus,SRX824370,ILLUMINA,SRR1735207,,
PRJNA257197,Zaire ebolavirus Genome sequencing,Other,SRS908630,Zaire ebolavirus,SRX994041,ILLUMINA,SRR1972764,,
PRJNA257197,Zaire ebolavirus Genome sequencing,Other,SRS804017,Zaire ebolavirus,SRX994087,ILLUMINA,SRR1972810,,
PRJNA257197,Zaire ebolavirus Genome sequencing,Other,SRS804017,Zaire ebolavirus,SRX824400,ILLUMINA,SRR1735237,,
PRJNA257197,Zaire ebolavirus Genome sequencing,Other,SRS908552,Zaire ebolavirus,SRX994156,ILLUMINA,SRR1972879,,
PRJNA257197,Zaire ebolavirus Genome sequencing,Other,SRS694107,Unidentified virus,SRX691939,ILLUMINA,SRR1564826,,
PRJNA257197,Zaire ebolavirus Genome sequencing,Other,SRS804003,Zaire ebolavirus,SRX824386,ILLUMINA,SRR1735223,,
PRJNA257197,Zaire ebolavirus Genome sequencing,Other,SRS908611,Zaire ebolavirus,SRX994056,ILLUMINA,SRR1972779,,
PRJNA257197,Zaire ebolavirus Genome sequencing,Other,SRS803947,Zaire ebolavirus,SRX824329,ILLUMINA,SRR1735166,,
PRJNA257197,Zaire ebolavirus Genome sequencing,Other,SRS908607,Zaire ebolavirus,SRX994060,ILLUMINA,SRR1972783,,
PRJNA257197,Zaire ebolavirus Genome sequencing,Other,SRS803998,Zaire ebolavirus,SRX824381,ILLUMINA,SRR1735218,,
PRJNA257197,Zaire ebolavirus Genome sequencing,Other,SRS908720,Zaire ebolavirus,SRX993952,ILLUMINA,SRR1972675,,
PRJNA257197,Zaire ebolavirus Genome sequencing,Other,SRS908563,Zaire ebolavirus,SRX994145,ILLUMINA,SRR1972868,,
PRJNA257197,Zaire ebolavirus Genome sequencing,Other,SRS803853,Zaire ebolavirus,SRX994226,ILLUMINA,SRR1972949,,
PRJNA257197,Zaire ebolavirus Genome sequencing,Other,SRS803853,Zaire ebolavirus,SRX824235,ILLUMINA,SRR1735072,,
PRJNA257197,Zaire ebolavirus Genome sequencing,Other,SRS803852,Zaire ebolavirus,SRX824236,ILLUMINA,SRR1735073,,
PRJNA257197,Zaire ebolavirus Genome sequencing,Other,SRS908700,Zaire ebolavirus,SRX993972,ILLUMINA,SRR1972695,,
PRJNA257197,Zaire ebolavirus Genome sequencing,Other,SRS694118,Unidentified virus,SRX691949,ILLUMINA,SRR1564836,,
PRJNA257197,Zaire ebolavirus Genome sequencing,Other,SRS803786,Zaire ebolavirus,SRX824169,ILLUMINA,SRR1735006,,
PRJNA257197,Zaire ebolavirus Genome sequencing,Other,SRS803793,Zaire ebolavirus,SRX824176,ILLUMINA,SRR1735013,,
PRJNA257197,Zaire ebolavirus Genome sequencing,Other,SRS803894,Zaire ebolavirus,SRX824277,ILLUMINA,SRR1735114,,
PRJNA257197,Zaire ebolavirus Genome sequencing,Other,SRS677879,Zaire ebolavirus,SRX674094,ILLUMINA,SRR1553431,,
PRJNA257197,Zaire ebolavirus Genome sequencing,Other,SRS677879,Zaire ebolavirus,SRX674093,ILLUMINA,SRR1553432,,
PRJNA257197,Zaire ebolavirus Genome sequencing,Other,SRS803933,Zaire ebolavirus,SRX824316,ILLUMINA,SRR1735153,,
PRJNA257197,Zaire ebolavirus Genome sequencing,Other,SRS908575,Zaire ebolavirus,SRX994127,ILLUMINA,SRR1972850,,
PRJNA257197,Zaire ebolavirus Genome sequencing,Other,SRS803842,Zaire ebolavirus,SRX824225,ILLUMINA,SRR1735062,,
PRJNA257197,Zaire ebolavirus Genome sequencing,Other,SRS908636,Zaire ebolavirus,SRX994036,ILLUMINA,SRR1972759,,
PRJNA257197,Zaire ebolavirus Genome sequencing,Other,SRS908777,Zaire ebolavirus,SRX993887,ILLUMINA,SRR1972610,,
PRJNA257197,Zaire ebolavirus Genome sequencing,Other,SRS908648,Zaire ebolavirus,SRX994024,ILLUMINA,SRR1972747,,
PRJNA257197,Zaire ebolavirus Genome sequencing,Other,SRS804005,Zaire ebolavirus,SRX824388,ILLUMINA,SRR1735225,,
PRJNA257197,Zaire ebolavirus Genome sequencing,Other,SRS908696,Zaire ebolavirus,SRX993976,ILLUMINA,SRR1972699,,
PRJNA257197,Zaire ebolavirus Genome sequencing,Other,SRS677961,Zaire ebolavirus,SRX674258,ILLUMINA,SRR1553595,,
PRJNA257197,Zaire ebolavirus Genome sequencing,Other,SRS677961,Zaire ebolavirus,SRX674257,ILLUMINA,SRR1553596,,
PRJNA257197,Zaire ebolavirus Genome sequencing,Other,SRS694108,Unidentified virus,SRX691938,ILLUMINA,SRR1564825,,
PRJNA257197,Zaire ebolavirus Genome sequencing,Other,SRS908763,Zaire ebolavirus,SRX993907,ILLUMINA,SRR1972630,,
PRJNA257197,Zaire ebolavirus Genome sequencing,Other,SRS908591,Zaire ebolavirus,SRX994076,ILLUMINA,SRR1972799,,
PRJNA257197,Zaire ebolavirus Genome sequencing,Other,SRS804042,Zaire ebolavirus,SRX994102,ILLUMINA,SRR1972825,,
PRJNA257197,Zaire ebolavirus Genome sequencing,Other,SRS804042,Zaire ebolavirus,SRX824425,ILLUMINA,SRR1735262,,
PRJNA257197,Zaire ebolavirus Genome sequencing,Other,SRS908721,Zaire ebolavirus,SRX993951,ILLUMINA,SRR1972674,,
PRJNA257197,Zaire ebolavirus Genome sequencing,Other,SRS908506,Zaire ebolavirus,SRX994207,ILLUMINA,SRR1972930,,
PRJNA257197,Zaire ebolavirus Genome sequencing,Other,SRS803955,Zaire ebolavirus,SRX824339,ILLUMINA,SRR1735176,,
PRJNA257197,Zaire ebolavirus Genome sequencing,Other,SRS677907,Zaire ebolavirus,SRX674150,ILLUMINA,SRR1553487,,
PRJNA257197,Zaire ebolavirus Genome sequencing,Other,SRS677907,Zaire ebolavirus,SRX674149,ILLUMINA,SRR1553488,,
PRJNA257197,Zaire ebolavirus Genome sequencing,Other,SRS677872,Zaire ebolavirus,SRX674081,ILLUMINA,SRR1553418,,
PRJNA257197,Zaire ebolavirus Genome sequencing,Other,SRS677872,Zaire ebolavirus,SRX674080,ILLUMINA,SRR1553419,,
PRJNA257197,Zaire ebolavirus Genome sequencing,Other,SRS677880,Zaire ebolavirus,SRX674096,ILLUMINA,SRR1553433,,
PRJNA257197,Zaire ebolavirus Genome sequencing,Other,SRS677880,Zaire ebolavirus,SRX674095,ILLUMINA,SRR1553434,,
PRJNA257197,Zaire ebolavirus Genome sequencing,Other,SRS803795,Zaire ebolavirus,SRX824178,ILLUMINA,SRR1735015,,
PRJNA257197,Zaire ebolavirus Genome sequencing,Other,SRS803946,Zaire ebolavirus,SRX824330,ILLUMINA,SRR1735167,,
PRJNA257197,Zaire ebolavirus Genome sequencing,Other,SRS677959,Zaire ebolavirus,SRX674254,ILLUMINA,SRR1553591,,
PRJNA257197,Zaire ebolavirus Genome sequencing,Other,SRS677959,Zaire ebolavirus,SRX674253,ILLUMINA,SRR1553592,,
PRJNA257197,Zaire ebolavirus Genome sequencing,Other,SRS803984,Zaire ebolavirus,SRX824367,ILLUMINA,SRR1735204,,
PRJNA257197,Zaire ebolavirus Genome sequencing,Other,SRS803815,Zaire ebolavirus,SRX994122,ILLUMINA,SRR1972845,,
PRJNA257197,Zaire ebolavirus Genome sequencing,Other,SRS803815,Zaire ebolavirus,SRX824198,ILLUMINA,SRR1735035,,
PRJNA257197,Zaire ebolavirus Genome sequencing,Other,SRS803911,Zaire ebolavirus,SRX824294,ILLUMINA,SRR1735131,,
PRJNA257197,Zaire ebolavirus Genome sequencing,Other,SRS908647,Zaire ebolavirus,SRX994025,ILLUMINA,SRR1972748,,
PRJNA257197,Zaire ebolavirus Genome sequencing,Other,SRS803957,Zaire ebolavirus,SRX824342,ILLUMINA,SRR1735179,,
PRJNA257197,Zaire ebolavirus Genome sequencing,Other,SRS677904,Zaire ebolavirus,SRX674144,ILLUMINA,SRR1553481,,
PRJNA257197,Zaire ebolavirus Genome sequencing,Other,SRS677904,Zaire ebolavirus,SRX674143,ILLUMINA,SRR1553482,,
PRJNA257197,Zaire ebolavirus Genome sequencing,Other,SRS803977,Zaire ebolavirus,SRX824360,ILLUMINA,SRR1735197,,
PRJNA257197,Zaire ebolavirus Genome sequencing,Other,SRS908541,Zaire ebolavirus,SRX994169,ILLUMINA,SRR1972892,,
PRJNA257197,Zaire ebolavirus Genome sequencing,Other,SRS803875,Zaire ebolavirus,SRX824257,ILLUMINA,SRR1735094,,
PRJNA257197,Zaire ebolavirus Genome sequencing,Other,SRS908515,Zaire ebolavirus,SRX994198,ILLUMINA,SRR1972921,,
PRJNA257197,Zaire ebolavirus Genome sequencing,Other,SRS908667,Zaire ebolavirus,SRX994005,ILLUMINA,SRR1972728,,
PRJNA257197,Zaire ebolavirus Genome sequencing,Other,SRS803961,Zaire ebolavirus,SRX994242,ILLUMINA,SRR1972965,,
PRJNA257197,Zaire ebolavirus Genome sequencing,Other,SRS803961,Zaire ebolavirus,SRX824344,ILLUMINA,SRR1735181,,
PRJNA257197,Zaire ebolavirus Genome sequencing,Other,SRS803823,Zaire ebolavirus,SRX824206,ILLUMINA,SRR1735043,,
PRJNA257197,Zaire ebolavirus Genome sequencing,Other,SRS803807,Zaire ebolavirus,SRX824190,ILLUMINA,SRR1735027,,
PRJNA257197,Zaire ebolavirus Genome sequencing,Other,SRS908709,Zaire ebolavirus,SRX993963,ILLUMINA,SRR1972686,,
PRJNA257197,Zaire ebolavirus Genome sequencing,Other,SRS694086,Unidentified virus,SRX691917,ILLUMINA,SRR1564804,,
PRJNA257197,Zaire ebolavirus Genome sequencing,Other,SRS803877,Zaire ebolavirus,SRX824260,ILLUMINA,SRR1735097,,
PRJNA257197,Zaire ebolavirus Genome sequencing,Other,SRS803916,Zaire ebolavirus,SRX994095,ILLUMINA,SRR1972818,,
PRJNA257197,Zaire ebolavirus Genome sequencing,Other,SRS803916,Zaire ebolavirus,SRX824299,ILLUMINA,SRR1735136,,
PRJNA257197,Zaire ebolavirus Genome sequencing,Other,SRS803893,Zaire ebolavirus,SRX824276,ILLUMINA,SRR1735113,,
PRJNA257197,Zaire ebolavirus Genome sequencing,Other,SRS694109,Unidentified virus,SRX691941,ILLUMINA,SRR1564828,,
PRJNA257197,Zaire ebolavirus Genome sequencing,Other,SRS908514,Zaire ebolavirus,SRX994199,ILLUMINA,SRR1972922,,
PRJNA257197,Zaire ebolavirus Genome sequencing,Other,SRS803922,Zaire ebolavirus,SRX994238,ILLUMINA,SRR1972961,,
PRJNA257197,Zaire ebolavirus Genome sequencing,Other,SRS803922,Zaire ebolavirus,SRX824305,ILLUMINA,SRR1735142,,
PRJNA257197,Zaire ebolavirus Genome sequencing,Other,SRS803973,Zaire ebolavirus,SRX994136,ILLUMINA,SRR1972859,,
PRJNA257197,Zaire ebolavirus Genome sequencing,Other,SRS803973,Zaire ebolavirus,SRX824355,ILLUMINA,SRR1735192,,
PRJNA257197,Zaire ebolavirus Genome sequencing,Other,SRS908612,Zaire ebolavirus,SRX994055,ILLUMINA,SRR1972778,,
PRJNA257197,Zaire ebolavirus Genome sequencing,Other,SRS908540,Zaire ebolavirus,SRX994170,ILLUMINA,SRR1972893,,
PRJNA257197,Zaire ebolavirus Genome sequencing,Other,SRS908536,Zaire ebolavirus,SRX994175,ILLUMINA,SRR1972898,,
PRJNA257197,Zaire ebolavirus Genome sequencing,Other,SRS908681,Zaire ebolavirus,SRX993991,ILLUMINA,SRR1972714,,
PRJNA257197,Zaire ebolavirus Genome sequencing,Other,SRS908516,Zaire ebolavirus,SRX994197,ILLUMINA,SRR1972920,,
PRJNA257197,Zaire ebolavirus Genome sequencing,Other,SRS908645,Zaire ebolavirus,SRX994027,ILLUMINA,SRR1972750,,
PRJNA257197,Zaire ebolavirus Genome sequencing,Other,SRS908717,Zaire ebolavirus,SRX993955,ILLUMINA,SRR1972678,,
PRJNA257197,Zaire ebolavirus Genome sequencing,Other,SRS908600,Zaire ebolavirus,SRX994067,ILLUMINA,SRR1972790,,
PRJNA257197,Zaire ebolavirus Genome sequencing,Other,SRS677950,Zaire ebolavirus,SRX674236,ILLUMINA,SRR1553573,,
PRJNA257197,Zaire ebolavirus Genome sequencing,Other,SRS677950,Zaire ebolavirus,SRX674235,ILLUMINA,SRR1553574,,
PRJNA257197,Zaire ebolavirus Genome sequencing,Other,SRS677914,Zaire ebolavirus,SRX674164,ILLUMINA,SRR1553501,,
PRJNA257197,Zaire ebolavirus Genome sequencing,Other,SRS677914,Zaire ebolavirus,SRX674163,ILLUMINA,SRR1553502,,
PRJNA257197,Zaire ebolavirus Genome sequencing,Other,SRS677954,Zaire ebolavirus,SRX674244,ILLUMINA,SRR1553581,,
PRJNA257197,Zaire ebolavirus Genome sequencing,Other,SRS677954,Zaire ebolavirus,SRX674243,ILLUMINA,SRR1553582,,
PRJNA257197,Zaire ebolavirus Genome sequencing,Other,SRS908576,Zaire ebolavirus,SRX994126,ILLUMINA,SRR1972849,,
PRJNA257197,Zaire ebolavirus Genome sequencing,Other,SRS694097,Unidentified virus,SRX691928,ILLUMINA,SRR1564815,,
PRJNA257197,Zaire ebolavirus Genome sequencing,Other,SRS803918,Zaire ebolavirus,SRX824301,ILLUMINA,SRR1735138,,
PRJNA257197,Zaire ebolavirus Genome sequencing,Other,SRS804009,Zaire ebolavirus,SRX824392,ILLUMINA,SRR1735229,,
PRJNA257197,Zaire ebolavirus Genome sequencing,Other,SRS908740,Zaire ebolavirus,SRX993932,ILLUMINA,SRR1972655,,
PRJNA257197,Zaire ebolavirus Genome sequencing,Other,SRS803882,Zaire ebolavirus,SRX824266,ILLUMINA,SRR1735103,,
PRJNA257197,Zaire ebolavirus Genome sequencing,Other,SRS677965,Zaire ebolavirus,SRX674266,ILLUMINA,SRR1553603,,
PRJNA257197,Zaire ebolavirus Genome sequencing,Other,SRS677965,Zaire ebolavirus,SRX674265,ILLUMINA,SRR1553604,,
PRJNA257197,Zaire ebolavirus Genome sequencing,Other,SRS908758,Zaire ebolavirus,SRX993912,ILLUMINA,SRR1972635,,
PRJNA257197,Zaire ebolavirus Genome sequencing,Other,SRS908687,Zaire ebolavirus,SRX993985,ILLUMINA,SRR1972708,,
PRJNA257197,Zaire ebolavirus Genome sequencing,Other,SRS803779,Zaire ebolavirus,SRX824162,ILLUMINA,SRR1734999,,
PRJNA257197,Zaire ebolavirus Genome sequencing,Other,SRS803942,Zaire ebolavirus,SRX824326,ILLUMINA,SRR1735163,,
PRJNA257197,Zaire ebolavirus Genome sequencing,Other,SRS908686,Zaire ebolavirus,SRX993986,ILLUMINA,SRR1972709,,
PRJNA257197,Zaire ebolavirus Genome sequencing,Other,SRS908724,Zaire ebolavirus,SRX993949,ILLUMINA,SRR1972672,,
PRJNA257197,Zaire ebolavirus Genome sequencing,Other,SRS677902,Zaire ebolavirus,SRX674140,ILLUMINA,SRR1553477,,
PRJNA257197,Zaire ebolavirus Genome sequencing,Other,SRS677902,Zaire ebolavirus,SRX674139,ILLUMINA,SRR1553478,,
PRJNA257197,Zaire ebolavirus Genome sequencing,Other,SRS908522,Zaire ebolavirus,SRX994191,ILLUMINA,SRR1972914,,
PRJNA257197,Zaire ebolavirus Genome sequencing,Other,SRS803970,Zaire ebolavirus,SRX824353,ILLUMINA,SRR1735190,,
PRJNA257197,Zaire ebolavirus Genome sequencing,Other,SRS908487,Zaire ebolavirus,SRX994229,ILLUMINA,SRR1972952,,
PRJNA257197,Zaire ebolavirus Genome sequencing,Other,SRS803995,Zaire ebolavirus,SRX824379,ILLUMINA,SRR1735216,,
PRJNA257197,Zaire ebolavirus Genome sequencing,Other,SRS803854,Zaire ebolavirus,SRX824237,ILLUMINA,SRR1735074,,
PRJNA257197,Zaire ebolavirus Genome sequencing,Other,SRS804014,Zaire ebolavirus,SRX994243,ILLUMINA,SRR1972966,,
PRJNA257197,Zaire ebolavirus Genome sequencing,Other,SRS804014,Zaire ebolavirus,SRX824397,ILLUMINA,SRR1735234,,
PRJNA257197,Zaire ebolavirus Genome sequencing,Other,SRS803788,Zaire ebolavirus,SRX824171,ILLUMINA,SRR1735008,,
PRJNA257197,Zaire ebolavirus Genome sequencing,Other,SRS803909,Zaire ebolavirus,SRX824292,ILLUMINA,SRR1735129,,
PRJNA257197,Zaire ebolavirus Genome sequencing,Other,SRS908751,Zaire ebolavirus,SRX993921,ILLUMINA,SRR1972644,,
PRJNA257197,Zaire ebolavirus Genome sequencing,Other,SRS908701,Zaire ebolavirus,SRX993971,ILLUMINA,SRR1972694,,
PRJNA257197,Zaire ebolavirus Genome sequencing,Other,SRS804020,Zaire ebolavirus,SRX824403,ILLUMINA,SRR1735240,,
PRJNA257197,Zaire ebolavirus Genome sequencing,Other,SRS803869,Zaire ebolavirus,SRX824252,ILLUMINA,SRR1735089,,
PRJNA257197,Zaire ebolavirus Genome sequencing,Other,SRS908665,Zaire ebolavirus,SRX994007,ILLUMINA,SRR1972730,,
PRJNA257197,Zaire ebolavirus Genome sequencing,Other,SRS677882,Zaire ebolavirus,SRX674100,ILLUMINA,SRR1553437,,
PRJNA257197,Zaire ebolavirus Genome sequencing,Other,SRS677882,Zaire ebolavirus,SRX674099,ILLUMINA,SRR1553438,,
PRJNA257197,Zaire ebolavirus Genome sequencing,Other,SRS908712,Zaire ebolavirus,SRX993960,ILLUMINA,SRR1972683,,
PRJNA257197,Zaire ebolavirus Genome sequencing,Other,SRS803974,Zaire ebolavirus,SRX824356,ILLUMINA,SRR1735193,,
PRJNA257197,Zaire ebolavirus Genome sequencing,Other,SRS694102,Unidentified virus,SRX691933,ILLUMINA,SRR1564820,,
PRJNA257197,Zaire ebolavirus Genome sequencing,Other,SRS803772,Zaire ebolavirus,SRX824155,ILLUMINA,SRR1734992,,
PRJNA257197,Zaire ebolavirus Genome sequencing,Other,SRS803856,Zaire ebolavirus,SRX994241,ILLUMINA,SRR1972964,,
PRJNA257197,Zaire ebolavirus Genome sequencing,Other,SRS803856,Zaire ebolavirus,SRX824238,ILLUMINA,SRR1735075,,
PRJNA257197,Zaire ebolavirus Genome sequencing,Other,SRS803897,Zaire ebolavirus,SRX824280,ILLUMINA,SRR1735117,,
PRJNA257197,Zaire ebolavirus Genome sequencing,Other,SRS908785,Zaire ebolavirus,SRX993879,ILLUMINA,SRR1972602,,
PRJNA257197,Zaire ebolavirus Genome sequencing,Other,SRS803881,Zaire ebolavirus,SRX824265,ILLUMINA,SRR1735102,,
PRJNA257197,Zaire ebolavirus Genome sequencing,Other,SRS803944,Zaire ebolavirus,SRX994080,ILLUMINA,SRR1972803,,
PRJNA257197,Zaire ebolavirus Genome sequencing,Other,SRS803944,Zaire ebolavirus,SRX824327,ILLUMINA,SRR1735164,,
PRJNA257197,Zaire ebolavirus Genome sequencing,Other,SRS803887,Zaire ebolavirus,SRX824262,ILLUMINA,SRR1735099,,
PRJNA257197,Zaire ebolavirus Genome sequencing,Other,SRS803949,Zaire ebolavirus,SRX824332,ILLUMINA,SRR1735169,,
PRJNA257197,Zaire ebolavirus Genome sequencing,Other,SRS803847,Zaire ebolavirus,SRX824230,ILLUMINA,SRR1735067,,
PRJNA257197,Zaire ebolavirus Genome sequencing,Other,SRS803862,Zaire ebolavirus,SRX994120,ILLUMINA,SRR1972843,,
PRJNA257197,Zaire ebolavirus Genome sequencing,Other,SRS803862,Zaire ebolavirus,SRX824243,ILLUMINA,SRR1735080,,
PRJNA257197,Zaire ebolavirus Genome sequencing,Other,SRS694103,Unidentified virus,SRX691934,ILLUMINA,SRR1564821,,
PRJNA257197,Zaire ebolavirus Genome sequencing,Other,SRS803813,Zaire ebolavirus,SRX824196,ILLUMINA,SRR1735033,,
PRJNA257197,Zaire ebolavirus Genome sequencing,Other,SRS908761,Zaire ebolavirus,SRX993909,ILLUMINA,SRR1972632,,
PRJNA257197,Zaire ebolavirus Genome sequencing,Other,SRS803962,Zaire ebolavirus,SRX824345,ILLUMINA,SRR1735182,,
PRJNA257197,Zaire ebolavirus Genome sequencing,Other,SRS677922,Zaire ebolavirus,SRX674180,ILLUMINA,SRR1553517,,
PRJNA257197,Zaire ebolavirus Genome sequencing,Other,SRS677922,Zaire ebolavirus,SRX674179,ILLUMINA,SRR1553518,,
PRJNA257197,Zaire ebolavirus Genome sequencing,Other,SRS908698,Zaire ebolavirus,SRX993974,ILLUMINA,SRR1972697,,
PRJNA257197,Zaire ebolavirus Genome sequencing,Other,SRS803794,Zaire ebolavirus,SRX994135,ILLUMINA,SRR1972858,,
PRJNA257197,Zaire ebolavirus Genome sequencing,Other,SRS803794,Zaire ebolavirus,SRX824177,ILLUMINA,SRR1735014,,
PRJNA257197,Zaire ebolavirus Genome sequencing,Other,SRS908542,Zaire ebolavirus,SRX994168,ILLUMINA,SRR1972891,,
PRJNA257197,Zaire ebolavirus Genome sequencing,Other,SRS908678,Zaire ebolavirus,SRX993994,ILLUMINA,SRR1972717,,
PRJNA257197,Zaire ebolavirus Genome sequencing,Other,SRS677923,Zaire ebolavirus,SRX674182,ILLUMINA,SRR1553519,,
PRJNA257197,Zaire ebolavirus Genome sequencing,Other,SRS677923,Zaire ebolavirus,SRX674181,ILLUMINA,SRR1553520,,
PRJNA257197,Zaire ebolavirus Genome sequencing,Other,SRS803770,Zaire ebolavirus,SRX824153,ILLUMINA,SRR1734990,,
PRJNA257197,Zaire ebolavirus Genome sequencing,Other,SRS908754,Zaire ebolavirus,SRX993915,ILLUMINA,SRR1972638,,
PRJNA257197,Zaire ebolavirus Genome sequencing,Other,SRS908639,Zaire ebolavirus,SRX994033,ILLUMINA,SRR1972756,,
PRJNA257197,Zaire ebolavirus Genome sequencing,Other,SRS677968,Zaire ebolavirus,SRX674272,ILLUMINA,SRR1553610,,
PRJNA257197,Zaire ebolavirus Genome sequencing,Other,SRS677968,Zaire ebolavirus,SRX674271,ILLUMINA,SRR1553609,,
PRJNA257197,Zaire ebolavirus Genome sequencing,Other,SRS694096,Unidentified virus,SRX691927,ILLUMINA,SRR1564814,,
PRJNA257197,Zaire ebolavirus Genome sequencing,Other,SRS803819,Zaire ebolavirus,SRX994083,ILLUMINA,SRR1972806,,
PRJNA257197,Zaire ebolavirus Genome sequencing,Other,SRS803819,Zaire ebolavirus,SRX824201,ILLUMINA,SRR1735038,,
PRJNA257197,Zaire ebolavirus Genome sequencing,Other,SRS908620,Zaire ebolavirus,SRX994047,ILLUMINA,SRR1972770,,
PRJNA257197,Zaire ebolavirus Genome sequencing,Other,SRS803814,Zaire ebolavirus,SRX824197,ILLUMINA,SRR1735034,,
PRJNA257197,Zaire ebolavirus Genome sequencing,Other,SRS803878,Zaire ebolavirus,SRX824261,ILLUMINA,SRR1735098,,
PRJNA257197,Zaire ebolavirus Genome sequencing,Other,SRS908769,Zaire ebolavirus,SRX993899,ILLUMINA,SRR1972622,,
PRJNA257197,Zaire ebolavirus Genome sequencing,Other,SRS908767,Zaire ebolavirus,SRX993901,ILLUMINA,SRR1972624,,
PRJNA257197,Zaire ebolavirus Genome sequencing,Other,SRS677887,Zaire ebolavirus,SRX674110,ILLUMINA,SRR1553447,,
PRJNA257197,Zaire ebolavirus Genome sequencing,Other,SRS677887,Zaire ebolavirus,SRX674109,ILLUMINA,SRR1553448,,
PRJNA257197,Zaire ebolavirus Genome sequencing,Other,SRS803838,Zaire ebolavirus,SRX993890,ILLUMINA,SRR1972613,,
PRJNA257197,Zaire ebolavirus Genome sequencing,Other,SRS803838,Zaire ebolavirus,SRX824221,ILLUMINA,SRR1735058,,
PRJNA257197,Zaire ebolavirus Genome sequencing,Other,SRS677876,Zaire ebolavirus,SRX674088,ILLUMINA,SRR1553425,,
PRJNA257197,Zaire ebolavirus Genome sequencing,Other,SRS677876,Zaire ebolavirus,SRX674087,ILLUMINA,SRR1553426,,
PRJNA257197,Zaire ebolavirus Genome sequencing,Other,SRS908535,Zaire ebolavirus,SRX994176,ILLUMINA,SRR1972899,,
PRJNA257197,Zaire ebolavirus Genome sequencing,Other,SRS677896,Zaire ebolavirus,SRX674128,ILLUMINA,SRR1553465,,
PRJNA257197,Zaire ebolavirus Genome sequencing,Other,SRS677896,Zaire ebolavirus,SRX674127,ILLUMINA,SRR1553466,,
PRJNA257197,Zaire ebolavirus Genome sequencing,Other,SRS908513,Zaire ebolavirus,SRX994200,ILLUMINA,SRR1972923,,
PRJNA257197,Zaire ebolavirus Genome sequencing,Other,SRS908497,Zaire ebolavirus,SRX994216,ILLUMINA,SRR1972939,,
PRJNA257197,Zaire ebolavirus Genome sequencing,Other,SRS908715,Zaire ebolavirus,SRX993957,ILLUMINA,SRR1972680,,
PRJNA257197,Zaire ebolavirus Genome sequencing,Other,SRS908520,Zaire ebolavirus,SRX994193,ILLUMINA,SRR1972916,,
PRJNA257197,Zaire ebolavirus Genome sequencing,Other,SRS803768,Zaire ebolavirus,SRX824151,ILLUMINA,SRR1734988,,
PRJNA257197,Zaire ebolavirus Genome sequencing,Other,SRS803884,Zaire ebolavirus,SRX824268,ILLUMINA,SRR1735105,,
PRJNA257197,Zaire ebolavirus Genome sequencing,Other,SRS908483,Zaire ebolavirus,SRX994252,ILLUMINA,SRR1972975,,
PRJNA257197,Zaire ebolavirus Genome sequencing,Other,SRS908661,Zaire ebolavirus,SRX994011,ILLUMINA,SRR1972734,,
PRJNA257197,Zaire ebolavirus Genome sequencing,Other,SRS908609,Zaire ebolavirus,SRX994058,ILLUMINA,SRR1972781,,
PRJNA257197,Zaire ebolavirus Genome sequencing,Other,SRS908764,Zaire ebolavirus,SRX993906,ILLUMINA,SRR1972629,,
PRJNA257197,Zaire ebolavirus Genome sequencing,Other,SRS908682,Zaire ebolavirus,SRX993989,ILLUMINA,SRR1972712,,
PRJNA257197,Zaire ebolavirus Genome sequencing,Other,SRS804022,Zaire ebolavirus,SRX993889,ILLUMINA,SRR1972612,,
PRJNA257197,Zaire ebolavirus Genome sequencing,Other,SRS804022,Zaire ebolavirus,SRX824406,ILLUMINA,SRR1735243,,
PRJNA257197,Zaire ebolavirus Genome sequencing,Other,SRS908478,Zaire ebolavirus,SRX994253,ILLUMINA,SRR1972976,,
PRJNA257197,Zaire ebolavirus Genome sequencing,Other,SRS803945,Zaire ebolavirus,SRX994137,ILLUMINA,SRR1972860,,
PRJNA257197,Zaire ebolavirus Genome sequencing,Other,SRS803945,Zaire ebolavirus,SRX824328,ILLUMINA,SRR1735165,,
PRJNA257197,Zaire ebolavirus Genome sequencing,Other,SRS803971,Zaire ebolavirus,SRX824354,ILLUMINA,SRR1735191,,
PRJNA257197,Zaire ebolavirus Genome sequencing,Other,SRS677935,Zaire ebolavirus,SRX674206,ILLUMINA,SRR1553543,,
PRJNA257197,Zaire ebolavirus Genome sequencing,Other,SRS677935,Zaire ebolavirus,SRX674205,ILLUMINA,SRR1553544,,
PRJNA257197,Zaire ebolavirus Genome sequencing,Other,SRS908503,Zaire ebolavirus,SRX994210,ILLUMINA,SRR1972933,,
PRJNA257197,Zaire ebolavirus Genome sequencing,Other,SRS908581,Zaire ebolavirus,SRX994109,ILLUMINA,SRR1972832,,
PRJNA257197,Zaire ebolavirus Genome sequencing,Other,SRS803999,Zaire ebolavirus,SRX824382,ILLUMINA,SRR1735219,,
PRJNA257197,Zaire ebolavirus Genome sequencing,Other,SRS908490,Zaire ebolavirus,SRX994224,ILLUMINA,SRR1972947,,
PRJNA257197,Zaire ebolavirus Genome sequencing,Other,SRS908738,Zaire ebolavirus,SRX993934,ILLUMINA,SRR1972657,,
PRJNA257197,Zaire ebolavirus Genome sequencing,Other,SRS908734,Zaire ebolavirus,SRX993938,ILLUMINA,SRR1972661,,
PRJNA257197,Zaire ebolavirus Genome sequencing,Other,SRS804035,Zaire ebolavirus,SRX824417,ILLUMINA,SRR1735254,,
PRJNA257197,Zaire ebolavirus Genome sequencing,Other,SRS908501,Zaire ebolavirus,SRX994212,ILLUMINA,SRR1972935,,
PRJNA257197,Zaire ebolavirus Genome sequencing,Other,SRS908710,Zaire ebolavirus,SRX993962,ILLUMINA,SRR1972685,,
PRJNA257197,Zaire ebolavirus Genome sequencing,Other,SRS804001,Zaire ebolavirus,SRX994094,ILLUMINA,SRR1972817,,
PRJNA257197,Zaire ebolavirus Genome sequencing,Other,SRS804001,Zaire ebolavirus,SRX824385,ILLUMINA,SRR1735222,,
PRJNA257197,Zaire ebolavirus Genome sequencing,Other,SRS804012,Zaire ebolavirus,SRX824395,ILLUMINA,SRR1735232,,
PRJNA257197,Zaire ebolavirus Genome sequencing,Other,SRS803857,Zaire ebolavirus,SRX824241,ILLUMINA,SRR1735078,,
PRJNA257197,Zaire ebolavirus Genome sequencing,Other,SRS803981,Zaire ebolavirus,SRX824364,ILLUMINA,SRR1735201,,
PRJNA257197,Zaire ebolavirus Genome sequencing,Other,SRS803846,Zaire ebolavirus,SRX994237,ILLUMINA,SRR1972960,,
PRJNA257197,Zaire ebolavirus Genome sequencing,Other,SRS803846,Zaire ebolavirus,SRX824229,ILLUMINA,SRR1735066,,
PRJNA257197,Zaire ebolavirus Genome sequencing,Other,SRS677955,Zaire ebolavirus,SRX674246,ILLUMINA,SRR1553583,,
PRJNA257197,Zaire ebolavirus Genome sequencing,Other,SRS677955,Zaire ebolavirus,SRX674245,ILLUMINA,SRR1553584,,
PRJNA257197,Zaire ebolavirus Genome sequencing,Other,SRS677957,Zaire ebolavirus,SRX674250,ILLUMINA,SRR1553587,,
PRJNA257197,Zaire ebolavirus Genome sequencing,Other,SRS677957,Zaire ebolavirus,SRX674249,ILLUMINA,SRR1553588,,
PRJNA257197,Zaire ebolavirus Genome sequencing,Other,SRS908677,Zaire ebolavirus,SRX993996,ILLUMINA,SRR1972719,,
PRJNA257197,Zaire ebolavirus Genome sequencing,Other,SRS677919,Zaire ebolavirus,SRX674174,ILLUMINA,SRR1553511,,
PRJNA257197,Zaire ebolavirus Genome sequencing,Other,SRS677919,Zaire ebolavirus,SRX674173,ILLUMINA,SRR1553512,,
PRJNA257197,Zaire ebolavirus Genome sequencing,Other,SRS803835,Zaire ebolavirus,SRX824218,ILLUMINA,SRR1735055,,
PRJNA257197,Zaire ebolavirus Genome sequencing,Other,SRS908680,Zaire ebolavirus,SRX993993,ILLUMINA,SRR1972716,,
PRJNA257197,Zaire ebolavirus Genome sequencing,Other,SRS803994,Zaire ebolavirus,SRX994081,ILLUMINA,SRR1972804,,
PRJNA257197,Zaire ebolavirus Genome sequencing,Other,SRS803994,Zaire ebolavirus,SRX824377,ILLUMINA,SRR1735214,,
PRJNA257197,Zaire ebolavirus Genome sequencing,Other,SRS803880,Zaire ebolavirus,SRX824264,ILLUMINA,SRR1735101,,
PRJNA257197,Zaire ebolavirus Genome sequencing,Other,SRS677936,Zaire ebolavirus,SRX674208,ILLUMINA,SRR1553545,,
PRJNA257197,Zaire ebolavirus Genome sequencing,Other,SRS677936,Zaire ebolavirus,SRX674207,ILLUMINA,SRR1553546,,
PRJNA257197,Zaire ebolavirus Genome sequencing,Other,SRS803987,Zaire ebolavirus,SRX824368,ILLUMINA,SRR1735205,,
PRJNA257197,Zaire ebolavirus Genome sequencing,Other,SRS677953,Zaire ebolavirus,SRX674242,ILLUMINA,SRR1553579,,
PRJNA257197,Zaire ebolavirus Genome sequencing,Other,SRS677953,Zaire ebolavirus,SRX674241,ILLUMINA,SRR1553580,,
PRJNA257197,Zaire ebolavirus Genome sequencing,Other,SRS803936,Zaire ebolavirus,SRX824319,ILLUMINA,SRR1735156,,
PRJNA257197,Zaire ebolavirus Genome sequencing,Other,SRS803818,Zaire ebolavirus,SRX994159,ILLUMINA,SRR1972882,,
PRJNA257197,Zaire ebolavirus Genome sequencing,Other,SRS803818,Zaire ebolavirus,SRX824202,ILLUMINA,SRR1735039,,
PRJNA257197,Zaire ebolavirus Genome sequencing,Other,SRS677890,Zaire ebolavirus,SRX674116,ILLUMINA,SRR1553453,,
PRJNA257197,Zaire ebolavirus Genome sequencing,Other,SRS677890,Zaire ebolavirus,SRX674115,ILLUMINA,SRR1553454,,
PRJNA257197,Zaire ebolavirus Genome sequencing,Other,SRS694085,Unidentified virus,SRX691916,ILLUMINA,SRR1564803,,
PRJNA257197,Zaire ebolavirus Genome sequencing,Other,SRS803812,Zaire ebolavirus,SRX994113,ILLUMINA,SRR1972836,,
PRJNA257197,Zaire ebolavirus Genome sequencing,Other,SRS803812,Zaire ebolavirus,SRX824195,ILLUMINA,SRR1735032,,
PRJNA257197,Zaire ebolavirus Genome sequencing,Other,SRS803896,Zaire ebolavirus,SRX824279,ILLUMINA,SRR1735116,,
PRJNA257197,Zaire ebolavirus Genome sequencing,Other,SRS803808,Zaire ebolavirus,SRX994110,ILLUMINA,SRR1972833,,
PRJNA257197,Zaire ebolavirus Genome sequencing,Other,SRS803808,Zaire ebolavirus,SRX824192,ILLUMINA,SRR1735029,,
PRJNA257197,Zaire ebolavirus Genome sequencing,Other,SRS677903,Zaire ebolavirus,SRX674142,ILLUMINA,SRR1553479,,
PRJNA257197,Zaire ebolavirus Genome sequencing,Other,SRS677903,Zaire ebolavirus,SRX674141,ILLUMINA,SRR1553480,,
PRJNA257197,Zaire ebolavirus Genome sequencing,Other,SRS694111,Unidentified virus,SRX691942,ILLUMINA,SRR1564829,,
PRJNA257197,Zaire ebolavirus Genome sequencing,Other,SRS908622,Zaire ebolavirus,SRX994044,ILLUMINA,SRR1972767,,
PRJNA257197,Zaire ebolavirus Genome sequencing,Other,SRS803997,Zaire ebolavirus,SRX824380,ILLUMINA,SRR1735217,,
PRJNA257197,Zaire ebolavirus Genome sequencing,Other,SRS908685,Zaire ebolavirus,SRX993988,ILLUMINA,SRR1972711,,
PRJNA257197,Zaire ebolavirus Genome sequencing,Other,SRS803805,Zaire ebolavirus,SRX994133,ILLUMINA,SRR1972856,,
PRJNA257197,Zaire ebolavirus Genome sequencing,Other,SRS803805,Zaire ebolavirus,SRX824188,ILLUMINA,SRR1735025,,
PRJNA257197,Zaire ebolavirus Genome sequencing,Other,SRS677962,Zaire ebolavirus,SRX674260,ILLUMINA,SRR1553597,,
PRJNA257197,Zaire ebolavirus Genome sequencing,Other,SRS677962,Zaire ebolavirus,SRX674259,ILLUMINA,SRR1553598,,
PRJNA257197,Zaire ebolavirus Genome sequencing,Other,SRS677963,Zaire ebolavirus,SRX674262,ILLUMINA,SRR1553599,,
PRJNA257197,Zaire ebolavirus Genome sequencing,Other,SRS677963,Zaire ebolavirus,SRX674261,ILLUMINA,SRR1553600,,
PRJNA257197,Zaire ebolavirus Genome sequencing,Other,SRS908494,Zaire ebolavirus,SRX994219,ILLUMINA,SRR1972942,,
PRJNA257197,Zaire ebolavirus Genome sequencing,Other,SRS803972,Zaire ebolavirus,SRX824357,ILLUMINA,SRR1735194,,
PRJNA257197,Zaire ebolavirus Genome sequencing,Other,SRS803879,Zaire ebolavirus,SRX824263,ILLUMINA,SRR1735100,,
PRJNA257197,Zaire ebolavirus Genome sequencing,Other,SRS803824,Zaire ebolavirus,SRX824207,ILLUMINA,SRR1735044,,
PRJNA257197,Zaire ebolavirus Genome sequencing,Other,SRS803902,Zaire ebolavirus,SRX824284,ILLUMINA,SRR1735121,,
PRJNA257197,Zaire ebolavirus Genome sequencing,Other,SRS803940,Zaire ebolavirus,SRX824324,ILLUMINA,SRR1735161,,
PRJNA257197,Zaire ebolavirus Genome sequencing,Other,SRS908650,Zaire ebolavirus,SRX994021,ILLUMINA,SRR1972744,,
PRJNA257197,Zaire ebolavirus Genome sequencing,Other,SRS908562,Zaire ebolavirus,SRX994147,ILLUMINA,SRR1972870,,
PRJNA257197,Zaire ebolavirus Genome sequencing,Other,SRS908601,Zaire ebolavirus,SRX994066,ILLUMINA,SRR1972789,,
PRJNA257197,Zaire ebolavirus Genome sequencing,Other,SRS908582,Zaire ebolavirus,SRX994108,ILLUMINA,SRR1972831,,
PRJNA257197,Zaire ebolavirus Genome sequencing,Other,SRS908544,Zaire ebolavirus,SRX994165,ILLUMINA,SRR1972888,,
PRJNA257197,Zaire ebolavirus Genome sequencing,Other,SRS677943,Zaire ebolavirus,SRX674222,ILLUMINA,SRR1553559,,
PRJNA257197,Zaire ebolavirus Genome sequencing,Other,SRS677943,Zaire ebolavirus,SRX674221,ILLUMINA,SRR1553560,,
PRJNA257197,Zaire ebolavirus Genome sequencing,Other,SRS908664,Zaire ebolavirus,SRX994009,ILLUMINA,SRR1972732,,
PRJNA257197,Zaire ebolavirus Genome sequencing,Other,SRS803801,Zaire ebolavirus,SRX824184,ILLUMINA,SRR1735021,,
PRJNA257197,Zaire ebolavirus Genome sequencing,Other,SRS908526,Zaire ebolavirus,SRX994187,ILLUMINA,SRR1972910,,
PRJNA257197,Zaire ebolavirus Genome sequencing,Other,SRS803925,Zaire ebolavirus,SRX824307,ILLUMINA,SRR1735144,,
PRJNA257197,Zaire ebolavirus Genome sequencing,Other,SRS803828,Zaire ebolavirus,SRX824211,ILLUMINA,SRR1735048,,
PRJNA257197,Zaire ebolavirus Genome sequencing,Other,SRS677958,Zaire ebolavirus,SRX674252,ILLUMINA,SRR1553589,,
PRJNA257197,Zaire ebolavirus Genome sequencing,Other,SRS677958,Zaire ebolavirus,SRX674251,ILLUMINA,SRR1553590,,
PRJNA257197,Zaire ebolavirus Genome sequencing,Other,SRS677899,Zaire ebolavirus,SRX674134,ILLUMINA,SRR1553471,,
PRJNA257197,Zaire ebolavirus Genome sequencing,Other,SRS677899,Zaire ebolavirus,SRX674133,ILLUMINA,SRR1553472,,
PRJNA257197,Zaire ebolavirus Genome sequencing,Other,SRS803967,Zaire ebolavirus,SRX824350,ILLUMINA,SRR1735187,,
PRJNA257197,Zaire ebolavirus Genome sequencing,Other,SRS908725,Zaire ebolavirus,SRX993948,ILLUMINA,SRR1972671,,
PRJNA257197,Zaire ebolavirus Genome sequencing,Other,SRS908634,Zaire ebolavirus,SRX994038,ILLUMINA,SRR1972761,,
PRJNA257197,Zaire ebolavirus Genome sequencing,Other,SRS908531,Zaire ebolavirus,SRX994182,ILLUMINA,SRR1972905,,
PRJNA257197,Zaire ebolavirus Genome sequencing,Other,SRS908770,Zaire ebolavirus,SRX993897,ILLUMINA,SRR1972620,,
PRJNA257197,Zaire ebolavirus Genome sequencing,Other,SRS804010,Zaire ebolavirus,SRX824393,ILLUMINA,SRR1735230,,
PRJNA257197,Zaire ebolavirus Genome sequencing,Other,SRS722186,Zaire ebolavirus,SRX733662,ILLUMINA,SRR1613383,,
PRJNA257197,Zaire ebolavirus Genome sequencing,Other,SRS722186,Zaire ebolavirus,SRX733658,ILLUMINA,SRR1613379,,
PRJNA257197,Zaire ebolavirus Genome sequencing,Other,SRS803864,Zaire ebolavirus,SRX994086,ILLUMINA,SRR1972809,,
PRJNA257197,Zaire ebolavirus Genome sequencing,Other,SRS803864,Zaire ebolavirus,SRX824248,ILLUMINA,SRR1735085,,
PRJNA257197,Zaire ebolavirus Genome sequencing,Other,SRS804013,Zaire ebolavirus,SRX824396,ILLUMINA,SRR1735233,,
PRJNA257197,Zaire ebolavirus Genome sequencing,Other,SRS694116,Unidentified virus,SRX691947,ILLUMINA,SRR1564834,,
PRJNA257197,Zaire ebolavirus Genome sequencing,Other,SRS677895,Zaire ebolavirus,SRX674126,ILLUMINA,SRR1553463,,
PRJNA257197,Zaire ebolavirus Genome sequencing,Other,SRS677895,Zaire ebolavirus,SRX674125,ILLUMINA,SRR1553464,,
PRJNA257197,Zaire ebolavirus Genome sequencing,Other,SRS908491,Zaire ebolavirus,SRX994223,ILLUMINA,SRR1972946,,
PRJNA257197,Zaire ebolavirus Genome sequencing,Other,SRS908697,Zaire ebolavirus,SRX993975,ILLUMINA,SRR1972698,,
PRJNA257197,Zaire ebolavirus Genome sequencing,Other,SRS677944,Zaire ebolavirus,SRX674224,ILLUMINA,SRR1553561,,
PRJNA257197,Zaire ebolavirus Genome sequencing,Other,SRS677944,Zaire ebolavirus,SRX674223,ILLUMINA,SRR1553562,,
PRJNA257197,Zaire ebolavirus Genome sequencing,Other,SRS803960,Zaire ebolavirus,SRX824343,ILLUMINA,SRR1735180,,
PRJNA257197,Zaire ebolavirus Genome sequencing,Other,SRS803802,Zaire ebolavirus,SRX994098,ILLUMINA,SRR1972821,,
PRJNA257197,Zaire ebolavirus Genome sequencing,Other,SRS803802,Zaire ebolavirus,SRX824185,ILLUMINA,SRR1735022,,
PRJNA257197,Zaire ebolavirus Genome sequencing,Other,SRS803866,Zaire ebolavirus,SRX824249,ILLUMINA,SRR1735086,,
PRJNA257197,Zaire ebolavirus Genome sequencing,Other,SRS803934,Zaire ebolavirus,SRX824317,ILLUMINA,SRR1735154,,
PRJNA257197,Zaire ebolavirus Genome sequencing,Other,SRS803865,Zaire ebolavirus,SRX824247,ILLUMINA,SRR1735084,,
PRJNA257197,Zaire ebolavirus Genome sequencing,Other,SRS803781,Zaire ebolavirus,SRX824164,ILLUMINA,SRR1735001,,
PRJNA257197,Zaire ebolavirus Genome sequencing,Other,SRS908644,Zaire ebolavirus,SRX994028,ILLUMINA,SRR1972751,,
PRJNA257197,Zaire ebolavirus Genome sequencing,Other,SRS908619,Zaire ebolavirus,SRX994048,ILLUMINA,SRR1972771,,
PRJNA257197,Zaire ebolavirus Genome sequencing,Other,SRS803921,Zaire ebolavirus,SRX824304,ILLUMINA,SRR1735141,,
PRJNA257197,Zaire ebolavirus Genome sequencing,Other,SRS804041,Zaire ebolavirus,SRX824424,ILLUMINA,SRR1735261,,
PRJNA257197,Zaire ebolavirus Genome sequencing,Other,SRS908543,Zaire ebolavirus,SRX994167,ILLUMINA,SRR1972890,,
PRJNA257197,Zaire ebolavirus Genome sequencing,Other,SRS677949,Zaire ebolavirus,SRX674234,ILLUMINA,SRR1553571,,
PRJNA257197,Zaire ebolavirus Genome sequencing,Other,SRS677949,Zaire ebolavirus,SRX674233,ILLUMINA,SRR1553572,,
PRJNA257197,Zaire ebolavirus Genome sequencing,Other,SRS908722,Zaire ebolavirus,SRX993950,ILLUMINA,SRR1972673,,
PRJNA257197,Zaire ebolavirus Genome sequencing,Other,SRS908716,Zaire ebolavirus,SRX993956,ILLUMINA,SRR1972679,,
PRJNA257197,Zaire ebolavirus Genome sequencing,Other,SRS677891,Zaire ebolavirus,SRX674118,ILLUMINA,SRR1553455,,
PRJNA257197,Zaire ebolavirus Genome sequencing,Other,SRS677891,Zaire ebolavirus,SRX674117,ILLUMINA,SRR1553456,,
PRJNA257197,Zaire ebolavirus Genome sequencing,Other,SRS908550,Zaire ebolavirus,SRX994158,ILLUMINA,SRR1972881,,
PRJNA257197,Zaire ebolavirus Genome sequencing,Other,SRS803773,Zaire ebolavirus,SRX994225,ILLUMINA,SRR1972948,,
PRJNA257197,Zaire ebolavirus Genome sequencing,Other,SRS803773,Zaire ebolavirus,SRX824156,ILLUMINA,SRR1734993,,
PRJNA257197,Zaire ebolavirus Genome sequencing,Other,SRS908608,Zaire ebolavirus,SRX994059,ILLUMINA,SRR1972782,,
PRJNA257197,Zaire ebolavirus Genome sequencing,Other,SRS908555,Zaire ebolavirus,SRX994153,ILLUMINA,SRR1972876,,
PRJNA257197,Zaire ebolavirus Genome sequencing,Other,SRS908537,Zaire ebolavirus,SRX994172,ILLUMINA,SRR1972895,,
PRJNA257197,Zaire ebolavirus Genome sequencing,Other,SRS803939,Zaire ebolavirus,SRX824322,ILLUMINA,SRR1735159,,
PRJNA257197,Zaire ebolavirus Genome sequencing,Other,SRS803965,Zaire ebolavirus,SRX824348,ILLUMINA,SRR1735185,,
PRJNA257197,Zaire ebolavirus Genome sequencing,Other,SRS803985,Zaire ebolavirus,SRX824369,ILLUMINA,SRR1735206,,
PRJNA257197,Zaire ebolavirus Genome sequencing,Other,SRS908568,Zaire ebolavirus,SRX994139,ILLUMINA,SRR1972862,,
PRJNA257197,Zaire ebolavirus Genome sequencing,Other,SRS908492,Zaire ebolavirus,SRX994222,ILLUMINA,SRR1972945,,
PRJNA257197,Zaire ebolavirus Genome sequencing,Other,SRS677937,Zaire ebolavirus,SRX674210,ILLUMINA,SRR1553547,,
PRJNA257197,Zaire ebolavirus Genome sequencing,Other,SRS677937,Zaire ebolavirus,SRX674209,ILLUMINA,SRR1553548,,
PRJNA257197,Zaire ebolavirus Genome sequencing,Other,SRS804036,Zaire ebolavirus,SRX824419,ILLUMINA,SRR1735256,,
PRJNA257197,Zaire ebolavirus Genome sequencing,Other,SRS908558,Zaire ebolavirus,SRX994151,ILLUMINA,SRR1972874,,
PRJNA257197,Zaire ebolavirus Genome sequencing,Other,SRS803937,Zaire ebolavirus,SRX994097,ILLUMINA,SRR1972820,,
PRJNA257197,Zaire ebolavirus Genome sequencing,Other,SRS803937,Zaire ebolavirus,SRX824320,ILLUMINA,SRR1735157,,
PRJNA257197,Zaire ebolavirus Genome sequencing,Other,SRS803979,Zaire ebolavirus,SRX824363,ILLUMINA,SRR1735200,,
PRJNA257197,Zaire ebolavirus Genome sequencing,Other,SRS803996,Zaire ebolavirus,SRX824378,ILLUMINA,SRR1735215,,
PRJNA257197,Zaire ebolavirus Genome sequencing,Other,SRS908713,Zaire ebolavirus,SRX993958,ILLUMINA,SRR1972681,,
PRJNA257197,Zaire ebolavirus Genome sequencing,Other,SRS908539,Zaire ebolavirus,SRX994171,ILLUMINA,SRR1972894,,
PRJNA257197,Zaire ebolavirus Genome sequencing,Other,SRS908605,Zaire ebolavirus,SRX994062,ILLUMINA,SRR1972785,,
PRJNA257197,Zaire ebolavirus Genome sequencing,Other,SRS677921,Zaire ebolavirus,SRX674178,ILLUMINA,SRR1553515,,
PRJNA257197,Zaire ebolavirus Genome sequencing,Other,SRS677921,Zaire ebolavirus,SRX674177,ILLUMINA,SRR1553516,,
PRJNA257197,Zaire ebolavirus Genome sequencing,Other,SRS803774,Zaire ebolavirus,SRX824157,ILLUMINA,SRR1734994,,
PRJNA257197,Zaire ebolavirus Genome sequencing,Other,SRS908551,Zaire ebolavirus,SRX994157,ILLUMINA,SRR1972880,,
PRJNA257197,Zaire ebolavirus Genome sequencing,Other,SRS804007,Zaire ebolavirus,SRX824389,ILLUMINA,SRR1735226,,
PRJNA257197,Zaire ebolavirus Genome sequencing,Other,SRS908606,Zaire ebolavirus,SRX994061,ILLUMINA,SRR1972784,,
PRJNA257197,Zaire ebolavirus Genome sequencing,Other,SRS803930,Zaire ebolavirus,SRX824313,ILLUMINA,SRR1735150,,
PRJNA257197,Zaire ebolavirus Genome sequencing,Other,SRS908766,Zaire ebolavirus,SRX993902,ILLUMINA,SRR1972625,,
PRJNA257197,Zaire ebolavirus Genome sequencing,Other,SRS803797,Zaire ebolavirus,SRX824180,ILLUMINA,SRR1735017,,
PRJNA257197,Zaire ebolavirus Genome sequencing,Other,SRS908779,Zaire ebolavirus,SRX993884,ILLUMINA,SRR1972607,,
PRJNA257197,Zaire ebolavirus Genome sequencing,Other,SRS803890,Zaire ebolavirus,SRX994239,ILLUMINA,SRR1972962,,
PRJNA257197,Zaire ebolavirus Genome sequencing,Other,SRS803890,Zaire ebolavirus,SRX824271,ILLUMINA,SRR1735108,,
PRJNA257197,Zaire ebolavirus Genome sequencing,Other,SRS803969,Zaire ebolavirus,SRX994245,ILLUMINA,SRR1972968,,
PRJNA257197,Zaire ebolavirus Genome sequencing,Other,SRS803969,Zaire ebolavirus,SRX824352,ILLUMINA,SRR1735189,,
PRJNA257197,Zaire ebolavirus Genome sequencing,Other,SRS908583,Zaire ebolavirus,SRX994107,ILLUMINA,SRR1972830,,
PRJNA257197,Zaire ebolavirus Genome sequencing,Other,SRS803825,Zaire ebolavirus,SRX994096,ILLUMINA,SRR1972819,,
PRJNA257197,Zaire ebolavirus Genome sequencing,Other,SRS803825,Zaire ebolavirus,SRX824208,ILLUMINA,SRR1735045,,
PRJNA257197,Zaire ebolavirus Genome sequencing,Other,SRS694089,Unidentified virus,SRX691920,ILLUMINA,SRR1564807,,
PRJNA257197,Zaire ebolavirus Genome sequencing,Other,SRS694114,Unidentified virus,SRX691945,ILLUMINA,SRR1564832,,
PRJNA257197,Zaire ebolavirus Genome sequencing,Other,SRS804027,Zaire ebolavirus,SRX824409,ILLUMINA,SRR1735246,,
PRJNA257197,Zaire ebolavirus Genome sequencing,Other,SRS908742,Zaire ebolavirus,SRX993930,ILLUMINA,SRR1972653,,
PRJNA257197,Zaire ebolavirus Genome sequencing,Other,SRS908493,Zaire ebolavirus,SRX994221,ILLUMINA,SRR1972944,,
PRJNA257197,Zaire ebolavirus Genome sequencing,Other,SRS803811,Zaire ebolavirus,SRX824194,ILLUMINA,SRR1735031,,
PRJNA257197,Zaire ebolavirus Genome sequencing,Other,SRS803968,Zaire ebolavirus,SRX824351,ILLUMINA,SRR1735188,,
PRJNA257197,Zaire ebolavirus Genome sequencing,Other,SRS803958,Zaire ebolavirus,SRX824341,ILLUMINA,SRR1735178,,
PRJNA257197,Zaire ebolavirus Genome sequencing,Other,SRS677910,Zaire ebolavirus,SRX674156,ILLUMINA,SRR1553493,,
PRJNA257197,Zaire ebolavirus Genome sequencing,Other,SRS677910,Zaire ebolavirus,SRX674155,ILLUMINA,SRR1553494,,
PRJNA257197,Zaire ebolavirus Genome sequencing,Other,SRS908733,Zaire ebolavirus,SRX993940,ILLUMINA,SRR1972663,,
PRJNA257197,Zaire ebolavirus Genome sequencing,Other,SRS677942,Zaire ebolavirus,SRX674220,ILLUMINA,SRR1553557,,
PRJNA257197,Zaire ebolavirus Genome sequencing,Other,SRS677942,Zaire ebolavirus,SRX674219,ILLUMINA,SRR1553558,,
PRJNA257197,Zaire ebolavirus Genome sequencing,Other,SRS908723,Zaire ebolavirus,SRX993947,ILLUMINA,SRR1972670,,
PRJNA257197,Zaire ebolavirus Genome sequencing,Other,SRS694110,Unidentified virus,SRX691940,ILLUMINA,SRR1564827,,
PRJNA257197,Zaire ebolavirus Genome sequencing,Other,SRS803924,Zaire ebolavirus,SRX824308,ILLUMINA,SRR1735145,,
PRJNA257197,Zaire ebolavirus Genome sequencing,Other,SRS908565,Zaire ebolavirus,SRX994144,ILLUMINA,SRR1972867,,
PRJNA257197,Zaire ebolavirus Genome sequencing,Other,SRS908632,Zaire ebolavirus,SRX994040,ILLUMINA,SRR1972763,,
PRJNA257197,Zaire ebolavirus Genome sequencing,Other,SRS803787,Zaire ebolavirus,SRX824170,ILLUMINA,SRR1735007,,
PRJNA257197,Zaire ebolavirus Genome sequencing,Other,SRS677889,Zaire ebolavirus,SRX674114,ILLUMINA,SRR1553451,,
PRJNA257197,Zaire ebolavirus Genome sequencing,Other,SRS677889,Zaire ebolavirus,SRX674113,ILLUMINA,SRR1553452,,
PRJNA257197,Zaire ebolavirus Genome sequencing,Other,SRS803841,Zaire ebolavirus,SRX994247,ILLUMINA,SRR1972970,,
PRJNA257197,Zaire ebolavirus Genome sequencing,Other,SRS803841,Zaire ebolavirus,SRX824223,ILLUMINA,SRR1735060,,
PRJNA257197,Zaire ebolavirus Genome sequencing,Other,SRS677877,Zaire ebolavirus,SRX674090,ILLUMINA,SRR1553427,,
PRJNA257197,Zaire ebolavirus Genome sequencing,Other,SRS677877,Zaire ebolavirus,SRX674089,ILLUMINA,SRR1553428,,
PRJNA257197,Zaire ebolavirus Genome sequencing,Other,SRS694105,Unidentified virus,SRX691936,ILLUMINA,SRR1564823,,
PRJNA257197,Zaire ebolavirus Genome sequencing,Other,SRS908760,Zaire ebolavirus,SRX993910,ILLUMINA,SRR1972633,,
PRJNA257197,Zaire ebolavirus Genome sequencing,Other,SRS908593,Zaire ebolavirus,SRX994074,ILLUMINA,SRR1972797,,
PRJNA257197,Zaire ebolavirus Genome sequencing,Other,SRS908573,Zaire ebolavirus,SRX994128,ILLUMINA,SRR1972851,,
PRJNA257197,Zaire ebolavirus Genome sequencing,Other,SRS694095,Unidentified virus,SRX691926,ILLUMINA,SRR1564813,,
PRJNA257197,Zaire ebolavirus Genome sequencing,Other,SRS908652,Zaire ebolavirus,SRX994020,ILLUMINA,SRR1972743,,
PRJNA257197,Zaire ebolavirus Genome sequencing,Other,SRS803885,Zaire ebolavirus,SRX824269,ILLUMINA,SRR1735106,,
PRJNA257197,Zaire ebolavirus Genome sequencing,Other,SRS803769,Zaire ebolavirus,SRX994104,ILLUMINA,SRR1972827,,
PRJNA257197,Zaire ebolavirus Genome sequencing,Other,SRS803769,Zaire ebolavirus,SRX824152,ILLUMINA,SRR1734989,,
PRJNA257197,Zaire ebolavirus Genome sequencing,Other,SRS803800,Zaire ebolavirus,SRX824183,ILLUMINA,SRR1735020,,
PRJNA257197,Zaire ebolavirus Genome sequencing,Other,SRS803908,Zaire ebolavirus,SRX824291,ILLUMINA,SRR1735128,,
PRJNA257197,Zaire ebolavirus Genome sequencing,Other,SRS908730,Zaire ebolavirus,SRX993941,ILLUMINA,SRR1972664,,
PRJNA257197,Zaire ebolavirus Genome sequencing,Other,SRS908726,Zaire ebolavirus,SRX993946,ILLUMINA,SRR1972669,,
PRJNA257197,Zaire ebolavirus Genome sequencing,Other,SRS803904,Zaire ebolavirus,SRX824289,ILLUMINA,SRR1735126,,
PRJNA257197,Zaire ebolavirus Genome sequencing,Other,SRS803790,Zaire ebolavirus,SRX824173,ILLUMINA,SRR1735010,,
PRJNA257197,Zaire ebolavirus Genome sequencing,Other,SRS908517,Zaire ebolavirus,SRX994196,ILLUMINA,SRR1972919,,
PRJNA257197,Zaire ebolavirus Genome sequencing,Other,SRS908728,Zaire ebolavirus,SRX993944,ILLUMINA,SRR1972667,,
PRJNA257197,Zaire ebolavirus Genome sequencing,Other,SRS803872,Zaire ebolavirus,SRX824255,ILLUMINA,SRR1735092,,
PRJNA257197,Zaire ebolavirus Genome sequencing,Other,SRS694100,Unidentified virus,SRX691931,ILLUMINA,SRR1564818,,
PRJNA257197,Zaire ebolavirus Genome sequencing,Other,SRS908756,Zaire ebolavirus,SRX993914,ILLUMINA,SRR1972637,,
PRJNA257197,Zaire ebolavirus Genome sequencing,Other,SRS677939,Zaire ebolavirus,SRX674214,ILLUMINA,SRR1553551,,
PRJNA257197,Zaire ebolavirus Genome sequencing,Other,SRS677939,Zaire ebolavirus,SRX674213,ILLUMINA,SRR1553552,,
PRJNA257197,Zaire ebolavirus Genome sequencing,Other,SRS908595,Zaire ebolavirus,SRX994072,ILLUMINA,SRR1972795,,
PRJNA257197,Zaire ebolavirus Genome sequencing,Other,SRS908585,Zaire ebolavirus,SRX994105,ILLUMINA,SRR1972828,,
PRJNA257197,Zaire ebolavirus Genome sequencing,Other,SRS803964,Zaire ebolavirus,SRX824347,ILLUMINA,SRR1735184,,
PRJNA257197,Zaire ebolavirus Genome sequencing,Other,SRS694104,Unidentified virus,SRX691935,ILLUMINA,SRR1564822,,
PRJNA257197,Zaire ebolavirus Genome sequencing,Other,SRS803834,Zaire ebolavirus,SRX824217,ILLUMINA,SRR1735054,,
PRJNA257197,Zaire ebolavirus Genome sequencing,Other,SRS803898,Zaire ebolavirus,SRX824282,ILLUMINA,SRR1735119,,
PRJNA257197,Zaire ebolavirus Genome sequencing,Other,SRS677874,Zaire ebolavirus,SRX674084,ILLUMINA,SRR1553421,,
PRJNA257197,Zaire ebolavirus Genome sequencing,Other,SRS677874,Zaire ebolavirus,SRX674083,ILLUMINA,SRR1553422,,
PRJNA257197,Zaire ebolavirus Genome sequencing,Other,SRS908732,Zaire ebolavirus,SRX993939,ILLUMINA,SRR1972662,,
PRJNA257197,Zaire ebolavirus Genome sequencing,Other,SRS677967,Zaire ebolavirus,SRX674270,ILLUMINA,SRR1553607,,
PRJNA257197,Zaire ebolavirus Genome sequencing,Other,SRS677967,Zaire ebolavirus,SRX674269,ILLUMINA,SRR1553608,,
PRJNA257197,Zaire ebolavirus Genome sequencing,Other,SRS803804,Zaire ebolavirus,SRX824187,ILLUMINA,SRR1735024,,
PRJNA257197,Zaire ebolavirus Genome sequencing,Other,SRS803917,Zaire ebolavirus,SRX824300,ILLUMINA,SRR1735137,,
PRJNA257197,Zaire ebolavirus Genome sequencing,Other,SRS908655,Zaire ebolavirus,SRX994017,ILLUMINA,SRR1972740,,
PRJNA257197,Zaire ebolavirus Genome sequencing,Other,SRS803919,Zaire ebolavirus,SRX824302,ILLUMINA,SRR1735139,,
PRJNA257197,Zaire ebolavirus Genome sequencing,Other,SRS908488,Zaire ebolavirus,SRX994228,ILLUMINA,SRR1972951,,
PRJNA257197,Zaire ebolavirus Genome sequencing,Other,SRS677893,Zaire ebolavirus,SRX674122,ILLUMINA,SRR1553459,,
PRJNA257197,Zaire ebolavirus Genome sequencing,Other,SRS677893,Zaire ebolavirus,SRX674121,ILLUMINA,SRR1553460,,
PRJNA257197,Zaire ebolavirus Genome sequencing,Other,SRS804039,Zaire ebolavirus,SRX994231,ILLUMINA,SRR1972954,,
PRJNA257197,Zaire ebolavirus Genome sequencing,Other,SRS804039,Zaire ebolavirus,SRX824422,ILLUMINA,SRR1735259,,
PRJNA257197,Zaire ebolavirus Genome sequencing,Other,SRS908590,Zaire ebolavirus,SRX994077,ILLUMINA,SRR1972800,,
PRJNA257197,Zaire ebolavirus Genome sequencing,Other,SRS677883,Zaire ebolavirus,SRX674102,ILLUMINA,SRR1553439,,
PRJNA257197,Zaire ebolavirus Genome sequencing,Other,SRS677883,Zaire ebolavirus,SRX674101,ILLUMINA,SRR1553440,,
PRJNA257197,Zaire ebolavirus Genome sequencing,Other,SRS803963,Zaire ebolavirus,SRX824346,ILLUMINA,SRR1735183,,
PRJNA257197,Zaire ebolavirus Genome sequencing,Other,SRS908559,Zaire ebolavirus,SRX994150,ILLUMINA,SRR1972873,,
PRJNA257197,Zaire ebolavirus Genome sequencing,Other,SRS908556,Zaire ebolavirus,SRX994152,ILLUMINA,SRR1972875,,
PRJNA257197,Zaire ebolavirus Genome sequencing,Other,SRS803956,Zaire ebolavirus,SRX993917,ILLUMINA,SRR1972640,,
PRJNA257197,Zaire ebolavirus Genome sequencing,Other,SRS803956,Zaire ebolavirus,SRX824338,ILLUMINA,SRR1735175,,
PRJNA257197,Zaire ebolavirus Genome sequencing,Other,SRS694093,Unidentified virus,SRX691924,ILLUMINA,SRR1564811,,
PRJNA257197,Zaire ebolavirus Genome sequencing,Other,SRS908521,Zaire ebolavirus,SRX994192,ILLUMINA,SRR1972915,,
PRJNA257197,Zaire ebolavirus Genome sequencing,Other,SRS908747,Zaire ebolavirus,SRX993925,ILLUMINA,SRR1972648,,
PRJNA257197,Zaire ebolavirus Genome sequencing,Other,SRS803844,Zaire ebolavirus,SRX824226,ILLUMINA,SRR1735063,,
PRJNA257197,Zaire ebolavirus Genome sequencing,Other,SRS804002,Zaire ebolavirus,SRX824384,ILLUMINA,SRR1735221,,
PRJNA257197,Zaire ebolavirus Genome sequencing,Other,SRS803867,Zaire ebolavirus,SRX994115,ILLUMINA,SRR1972838,,
PRJNA257197,Zaire ebolavirus Genome sequencing,Other,SRS803867,Zaire ebolavirus,SRX824250,ILLUMINA,SRR1735087,,
PRJNA257197,Zaire ebolavirus Genome sequencing,Other,SRS677875,Zaire ebolavirus,SRX674086,ILLUMINA,SRR1553423,,
PRJNA257197,Zaire ebolavirus Genome sequencing,Other,SRS677875,Zaire ebolavirus,SRX674085,ILLUMINA,SRR1553424,,
PRJNA257197,Zaire ebolavirus Genome sequencing,Other,SRS908495,Zaire ebolavirus,SRX994218,ILLUMINA,SRR1972941,,
PRJNA257197,Zaire ebolavirus Genome sequencing,Other,SRS803799,Zaire ebolavirus,SRX994233,ILLUMINA,SRR1972956,,
PRJNA257197,Zaire ebolavirus Genome sequencing,Other,SRS803799,Zaire ebolavirus,SRX824182,ILLUMINA,SRR1735019,,
PRJNA257197,Zaire ebolavirus Genome sequencing,Other,SRS803861,Zaire ebolavirus,SRX824244,ILLUMINA,SRR1735081,,
PRJNA257197,Zaire ebolavirus Genome sequencing,Other,SRS908659,Zaire ebolavirus,SRX994013,ILLUMINA,SRR1972736,,
PRJNA257197,Zaire ebolavirus Genome sequencing,Other,SRS803975,Zaire ebolavirus,SRX994138,ILLUMINA,SRR1972861,,
PRJNA257197,Zaire ebolavirus Genome sequencing,Other,SRS803975,Zaire ebolavirus,SRX824358,ILLUMINA,SRR1735195,,
PRJNA257197,Zaire ebolavirus Genome sequencing,Other,SRS677892,Zaire ebolavirus,SRX674120,ILLUMINA,SRR1553457,,
PRJNA257197,Zaire ebolavirus Genome sequencing,Other,SRS677892,Zaire ebolavirus,SRX674119,ILLUMINA,SRR1553458,,
PRJNA257197,Zaire ebolavirus Genome sequencing,Other,SRS803806,Zaire ebolavirus,SRX824189,ILLUMINA,SRR1735026,,
PRJNA257197,Zaire ebolavirus Genome sequencing,Other,SRS803822,Zaire ebolavirus,SRX994079,ILLUMINA,SRR1972802,,
PRJNA257197,Zaire ebolavirus Genome sequencing,Other,SRS803822,Zaire ebolavirus,SRX824204,ILLUMINA,SRR1735041,,
PRJNA257197,Zaire ebolavirus Genome sequencing,Other,SRS908684,Zaire ebolavirus,SRX993987,ILLUMINA,SRR1972710,,
PRJNA257197,Zaire ebolavirus Genome sequencing,Other,SRS908673,Zaire ebolavirus,SRX993999,ILLUMINA,SRR1972722,,
PRJNA257197,Zaire ebolavirus Genome sequencing,Other,SRS908783,Zaire ebolavirus,SRX993880,ILLUMINA,SRR1972603,,
PRJNA257197,Zaire ebolavirus Genome sequencing,Other,SRS908510,Zaire ebolavirus,SRX994203,ILLUMINA,SRR1972926,,
PRJNA257197,Zaire ebolavirus Genome sequencing,Other,SRS677886,Zaire ebolavirus,SRX674108,ILLUMINA,SRR1553445,,
PRJNA257197,Zaire ebolavirus Genome sequencing,Other,SRS677886,Zaire ebolavirus,SRX674107,ILLUMINA,SRR1553446,,
PRJNA257197,Zaire ebolavirus Genome sequencing,Other,SRS803928,Zaire ebolavirus,SRX824311,ILLUMINA,SRR1735148,,
PRJNA257197,Zaire ebolavirus Genome sequencing,Other,SRS908714,Zaire ebolavirus,SRX993959,ILLUMINA,SRR1972682,,
PRJNA257197,Zaire ebolavirus Genome sequencing,Other,SRS677905,Zaire ebolavirus,SRX674146,ILLUMINA,SRR1553483,,
PRJNA257197,Zaire ebolavirus Genome sequencing,Other,SRS677905,Zaire ebolavirus,SRX674145,ILLUMINA,SRR1553484,,
PRJNA257197,Zaire ebolavirus Genome sequencing,Other,SRS804045,Zaire ebolavirus,SRX824427,ILLUMINA,SRR1735264,,
PRJNA257197,Zaire ebolavirus Genome sequencing,Other,SRS908646,Zaire ebolavirus,SRX994026,ILLUMINA,SRR1972749,,
PRJNA257197,Zaire ebolavirus Genome sequencing,Other,SRS804000,Zaire ebolavirus,SRX824383,ILLUMINA,SRR1735220,,
PRJNA257197,Zaire ebolavirus Genome sequencing,Other,SRS803989,Zaire ebolavirus,SRX824372,ILLUMINA,SRR1735209,,
PRJNA257197,Zaire ebolavirus Genome sequencing,Other,SRS908675,Zaire ebolavirus,SRX993997,ILLUMINA,SRR1972720,,
PRJNA257197,Zaire ebolavirus Genome sequencing,Other,SRS804025,Zaire ebolavirus,SRX994101,ILLUMINA,SRR1972824,,
PRJNA257197,Zaire ebolavirus Genome sequencing,Other,SRS804025,Zaire ebolavirus,SRX824408,ILLUMINA,SRR1735245,,
PRJNA257197,Zaire ebolavirus Genome sequencing,Other,SRS908762,Zaire ebolavirus,SRX993908,ILLUMINA,SRR1972631,,
PRJNA257197,Zaire ebolavirus Genome sequencing,Other,SRS908633,Zaire ebolavirus,SRX994039,ILLUMINA,SRR1972762,,
PRJNA257197,Zaire ebolavirus Genome sequencing,Other,SRS694117,Unidentified virus,SRX691948,ILLUMINA,SRR1564835,,
PRJNA257197,Zaire ebolavirus Genome sequencing,Other,SRS908711,Zaire ebolavirus,SRX993961,ILLUMINA,SRR1972684,,
PRJNA257197,Zaire ebolavirus Genome sequencing,Other,SRS804037,Zaire ebolavirus,SRX994250,ILLUMINA,SRR1972973,,
PRJNA257197,Zaire ebolavirus Genome sequencing,Other,SRS804037,Zaire ebolavirus,SRX824420,ILLUMINA,SRR1735257,,
PRJNA257197,Zaire ebolavirus Genome sequencing,Other,SRS677934,Zaire ebolavirus,SRX674204,ILLUMINA,SRR1553541,,
PRJNA257197,Zaire ebolavirus Genome sequencing,Other,SRS677934,Zaire ebolavirus,SRX674203,ILLUMINA,SRR1553542,,
PRJNA257197,Zaire ebolavirus Genome sequencing,Other,SRS677960,Zaire ebolavirus,SRX674256,ILLUMINA,SRR1553593,,
PRJNA257197,Zaire ebolavirus Genome sequencing,Other,SRS677960,Zaire ebolavirus,SRX674255,ILLUMINA,SRR1553594,,
PRJNA257197,Zaire ebolavirus Genome sequencing,Other,SRS908703,Zaire ebolavirus,SRX993969,ILLUMINA,SRR1972692,,
PRJNA257197,Zaire ebolavirus Genome sequencing,Other,SRS908618,Zaire ebolavirus,SRX994049,ILLUMINA,SRR1972772,,
PRJNA257197,Zaire ebolavirus Genome sequencing,Other,SRS908753,Zaire ebolavirus,SRX993918,ILLUMINA,SRR1972641,,
PRJNA257197,Zaire ebolavirus Genome sequencing,Other,SRS908529,Zaire ebolavirus,SRX994184,ILLUMINA,SRR1972907,,
PRJNA257197,Zaire ebolavirus Genome sequencing,Other,SRS677925,Zaire ebolavirus,SRX674186,ILLUMINA,SRR1553523,,
PRJNA257197,Zaire ebolavirus Genome sequencing,Other,SRS677925,Zaire ebolavirus,SRX674185,ILLUMINA,SRR1553524,,
PRJNA257197,Zaire ebolavirus Genome sequencing,Other,SRS908569,Zaire ebolavirus,SRX994134,ILLUMINA,SRR1972857,,
PRJNA257197,Zaire ebolavirus Genome sequencing,Other,SRS804024,Zaire ebolavirus,SRX824407,ILLUMINA,SRR1735244,,
PRJNA257197,Zaire ebolavirus Genome sequencing,Other,SRS908641,Zaire ebolavirus,SRX994030,ILLUMINA,SRR1972753,,
PRJNA257197,Zaire ebolavirus Genome sequencing,Other,SRS677927,Zaire ebolavirus,SRX674190,ILLUMINA,SRR1553527,,
PRJNA257197,Zaire ebolavirus Genome sequencing,Other,SRS677927,Zaire ebolavirus,SRX674189,ILLUMINA,SRR1553528,,
PRJNA257197,Zaire ebolavirus Genome sequencing,Other,SRS908671,Zaire ebolavirus,SRX994001,ILLUMINA,SRR1972724,,
PRJNA257197,Zaire ebolavirus Genome sequencing,Other,SRS908679,Zaire ebolavirus,SRX993992,ILLUMINA,SRR1972715,,
PRJNA257197,Zaire ebolavirus Genome sequencing,Other,SRS908534,Zaire ebolavirus,SRX994179,ILLUMINA,SRR1972902,,
PRJNA257197,Zaire ebolavirus Genome sequencing,Other,SRS803938,Zaire ebolavirus,SRX824321,ILLUMINA,SRR1735158,,
PRJNA257197,Zaire ebolavirus Genome sequencing,Other,SRS908748,Zaire ebolavirus,SRX993924,ILLUMINA,SRR1972647,,
PRJNA257197,Zaire ebolavirus Genome sequencing,Other,SRS803826,Zaire ebolavirus,SRX824209,ILLUMINA,SRR1735046,,
PRJNA257197,Zaire ebolavirus Genome sequencing,Other,SRS908719,Zaire ebolavirus,SRX993953,ILLUMINA,SRR1972676,,
PRJNA257197,Zaire ebolavirus Genome sequencing,Other,SRS677906,Zaire ebolavirus,SRX674148,ILLUMINA,SRR1553485,,
PRJNA257197,Zaire ebolavirus Genome sequencing,Other,SRS677906,Zaire ebolavirus,SRX674147,ILLUMINA,SRR1553486,,
PRJNA257197,Zaire ebolavirus Genome sequencing,Other,SRS803839,Zaire ebolavirus,SRX824224,ILLUMINA,SRR1735061,,
PRJNA257197,Zaire ebolavirus Genome sequencing,Other,SRS803935,Zaire ebolavirus,SRX824318,ILLUMINA,SRR1735155,,
PRJNA257197,Zaire ebolavirus Genome sequencing,Other,SRS908610,Zaire ebolavirus,SRX994057,ILLUMINA,SRR1972780,,
PRJNA257197,Zaire ebolavirus Genome sequencing,Other,SRS908560,Zaire ebolavirus,SRX994149,ILLUMINA,SRR1972872,,
PRJNA257197,Zaire ebolavirus Genome sequencing,Other,SRS677938,Zaire ebolavirus,SRX674212,ILLUMINA,SRR1553549,,
PRJNA257197,Zaire ebolavirus Genome sequencing,Other,SRS677938,Zaire ebolavirus,SRX674211,ILLUMINA,SRR1553550,,
PRJNA257197,Zaire ebolavirus Genome sequencing,Other,SRS677966,Zaire ebolavirus,SRX674268,ILLUMINA,SRR1553605,,
PRJNA257197,Zaire ebolavirus Genome sequencing,Other,SRS677966,Zaire ebolavirus,SRX674267,ILLUMINA,SRR1553606,,
PRJNA257197,Zaire ebolavirus Genome sequencing,Other,SRS803771,Zaire ebolavirus,SRX824154,ILLUMINA,SRR1734991,,
PRJNA257197,Zaire ebolavirus Genome sequencing,Other,SRS908658,Zaire ebolavirus,SRX994014,ILLUMINA,SRR1972737,,
PRJNA257197,Zaire ebolavirus Genome sequencing,Other,SRS677918,Zaire ebolavirus,SRX674172,ILLUMINA,SRR1553509,,
PRJNA257197,Zaire ebolavirus Genome sequencing,Other,SRS677918,Zaire ebolavirus,SRX674171,ILLUMINA,SRR1553510,,
PRJNA257197,Zaire ebolavirus Genome sequencing,Other,SRS694106,Unidentified virus,SRX691937,ILLUMINA,SRR1564824,,
PRJNA257197,Zaire ebolavirus Genome sequencing,Other,SRS908782,Zaire ebolavirus,SRX993881,ILLUMINA,SRR1972604,,
PRJNA257197,Zaire ebolavirus Genome sequencing,Other,SRS908704,Zaire ebolavirus,SRX993968,ILLUMINA,SRR1972691,,
PRJNA257197,Zaire ebolavirus Genome sequencing,Other,SRS803891,Zaire ebolavirus,SRX994089,ILLUMINA,SRR1972812,,
PRJNA257197,Zaire ebolavirus Genome sequencing,Other,SRS803891,Zaire ebolavirus,SRX824274,ILLUMINA,SRR1735111,,
PRJNA257197,Zaire ebolavirus Genome sequencing,Other,SRS908708,Zaire ebolavirus,SRX993964,ILLUMINA,SRR1972687,,
PRJNA257197,Zaire ebolavirus Genome sequencing,Other,SRS803873,Zaire ebolavirus,SRX824256,ILLUMINA,SRR1735093,,
PRJNA257197,Zaire ebolavirus Genome sequencing,Other,SRS908653,Zaire ebolavirus,SRX994018,ILLUMINA,SRR1972741,,
PRJNA257197,Zaire ebolavirus Genome sequencing,Other,SRS908773,Zaire ebolavirus,SRX993895,ILLUMINA,SRR1972618,,
PRJNA257197,Zaire ebolavirus Genome sequencing,Other,SRS677881,Zaire ebolavirus,SRX674098,ILLUMINA,SRR1553435,,
PRJNA257197,Zaire ebolavirus Genome sequencing,Other,SRS677881,Zaire ebolavirus,SRX674097,ILLUMINA,SRR1553436,,
